web-scraper-order;web-scraper-start-url;product-link;product-link-href;product-name;product-ingredients;product-image-src;
1663410005-3040;https://www.ulta.com/skin-care?N=1z12lx1Z2707&No=0&Nrpp=96&Ns=product.bestseller%7C1;T.L.C. Sukari Babyfacial Mini;https://www.ulta.com/p/tlc-sukari-babyfacial-mini-pimprod2032618;T.L.C. Sukari Babyfacial Mini;Water (Aqua), Glycolic Acid, Hydroxyethyl Acrylate/Sodium Acryloyldimethyl Taurate Copolymer, Glycerin, Sodium Hydroxide, Salicylic Acid, Aloe Barbadensis Leaf Extract, Camellia Oleifera Leaf Extract, Lactobacillus/Pumpkin Ferment Extract, Lactobacillus/Punica Granatum Fruit Ferment Extract, Opuntia Ficus-Indica Extract, Pyrus Malus (Apple) Fruit Extract, Silybum Marianum Seed Extract, Saccharomyces Cerevisiae Extract, Vitis Vinifera (Grape) Juice Extract, Camellia Sinensis Leaf Powder, Cicer Arietinum Seed Powder, Sclerocarya Birrea Seed Oil, Passiflora Edulis Seed Oil, Leuconostoc/Radish Root Ferment Filtrate, Sodium Hyaluronate Crosspolymer, Sodium PCA, Allantoin, Dipotassium Glycyrrhizate, Dextrin, Polydextrose, Sorbitan Isostearate, Amylopectin, Niacinamide, Phytosphingosine, Lactic Acid, Propanediol, Citric Acid, Titanium Dioxide, Trisodium Ethylenediamine Disuccinate, Polysorbate 60, Caprylyl Glycol, Chlorphenesin, Phenoxyethanol.;https://media.ulta.com/i/ulta/2597964?w=720;
1663410008-3041;https://www.ulta.com/skin-care?N=1z12lx1Z2707&No=0&Nrpp=96&Ns=product.bestseller%7C1;Moisture Whipped Ceramide Cream;https://www.ulta.com/p/moisture-whipped-ceramide-cream-pimprod2034179;Moisture Whipped Ceramide Cream;Water/Aqua/Eau, Glycerin, Caprylic/Capric Triglyceride, Octyldodecanol, Dicaprylyl Ether, 2,3-Butanediol, Glyceryl Stearate Citrate, Cetearyl Alcohol, 1,2-Hexanediol, Squalane, Butyrospermum Parkii (Shea) Butter, Behenyl Alcohol, Hydrogenated Lecithin, Polyglyceryl-10 Stearate, Sodium Polyacrylate, Behenic Acid, Stearic Acid, Stearyl Alcohol, Cocos Nucifera (Coconut) Fruit Extract, Myristic Acid, Simmondsia Chinensis (Jojoba) Seed Oil, Ceramide NP, Triethylhexanoin, Phospholipids, Ethylhexylglycerin, Hydrogenated Polydecene, Adansonia Digitata Seed Oil, Citrullus Lanatus (Watermelon) Seed Oil, Glyceryl Undecylenate, Glyceryl Caprylate, Cholesterol, Propanediol, Phytosphingosine, Tocopherol, Aloe Barbadensis Leaf Juice, Adansonia Digitata Fruit Extract, Xanthan Gum, Sodium Hyaluronate.;https://media.ulta.com/i/ulta/2597743?w=720;
1663410011-3042;https://www.ulta.com/skin-care?N=1z12lx1Z2707&No=0&Nrpp=96&Ns=product.bestseller%7C1;Wake Up + Glow Vitamin C Brightening Kit;https://www.ulta.com/p/wake-up-glow-vitamin-c-brightening-kit-pimprod2034604;Wake Up + Glow Vitamin C Brightening Kit;Brightening Treatment Drops Triple Vitamin C Serum: Aqua/Water/Eau, 3-O-Ethyl Ascorbic Acid, Lactococcus Ferment Lysate, Propanediol, 1,2-Hexanediol, Ascorbyl Glucoside, Sodium Citrate, Pentylene Glycol, Cichorium Intybus (Chicory) Root Extract, Melia Azadirachta Leaf Extract, Melia Azadirachta Flower Extract, Corallina Officinalis Extract, Curcuma Longa (Turmeric) Root Extract, Ocimum Basilicum (Basil) Flower/Leaf Extract, Lactic Acid, Ocimum Sanctum Leaf Extract, Vaccinium Vitis-Idaea Fruit Extract, Citrus Unshiu Peel Extract, Hippophae Rhamnoides Fruit Extract, Litchi Chinensis Seed Extract, Mangifera Indica (Mango) Leaf Extract, Gold, Glutathione, Hydroxyacetophenone, AcetylCysteine, Sodium Sulfite, Sorbitol, Citric Acid, Sclerotium Gum, Xanthan Gum, Caprylyl Glycol, Ascorbic Acid, Sodium Phytate, Lecithin, Pullulan, Silica, Sodium Chloride, Sodium Benzoate.Bright Start Vitamin C Antioxidant Brightening Moisturizer: Aqua/Water/Eau, Octyldodecyl Neopentanoate, 3-O-Ethyl Ascorbic Acid, Tetrahexyldecyl Ascorbate, Glyceryl Stearate, Cetyl Alcohol, Lactococcus Ferment Lysate, Tranexamic Acid, Ferulic Acid, Lactobacillus Ferment, Inulin, Citrus Junos Seed Extract, Citrus Unshiu Peel Extract, Acetyl Tetrapeptide-2, Sodium Hyaluronate, Beta Vulgaris (Beet) Root Extract/beta Vulgaris/extrait De Racine De Betterave, Lactobacillus, Lactic Acid, Curcuma Longa (Turmeric) Root Extract, Alpha-Glucan Oligosaccharide, Helianthus Annuus (Sunflower) Seed Oil, Hedychium Coronarium Root Extract, Citrus Aurantium Dulcis (Orange) Peel Oil, Citrus Reticulata (Tangerine) Peel Oil, Daucus Carota Sativa (Carrot) Seed Oil, Dicaprylyl Carbonate, Polymnia Sonchifolia Root Juice, Maltodextrin, Vanilla Planifolia Fruit Extract, Caesalpinia Spinosa Fruit Extract, Melia Azadirachta Leaf Extract, Melia Azadirachta Flower Extract, Kappaphycus Alvarezii Extract, Corallina Officinalis Extract, Ocimum Basilicum (Basil) Flower/leaf Extract, Eugenia Caryophyllus (Clove) Flower Extract, Ocimum Sanctum Leaf Extract, Daucus Carota Sativa (Carrot) Root Extract, Biotin, Stearyl Alcohol, Propanediol, Hydroxyacetophenone, Glycerin, Carbomer, Triethyl Citrate, Cetearyl Olivate, Sorbitan Olivate, Potassium Stearate, Trisodium Ethylenediamine Disuccinate, Octyldodecanol, Sodium Chloride, Beta-Carotene, Tocopherol, Ascorbyl Palmitate, Sodium Citrate, Sodium Hydroxide, Butylene Glycol, Citric Acid, 1,2-Hexanediol, Phenoxyethanol, Sodium Benzoate, Potassium Sorbate, Limonene.;https://media.ulta.com/i/ulta/2602633?w=720;
1663410015-3043;https://www.ulta.com/skin-care?N=1z12lx1Z2707&No=0&Nrpp=96&Ns=product.bestseller%7C1;Great Skin Everywhere Skincare Set: For Dry Combination Skin;https://www.ulta.com/p/great-skin-everywhere-skincare-set-dry-combination-skin-pimprod2033952;Great Skin Everywhere Skincare Set: For Dry Combination Skin;See packaging for full ingredient listing.;https://media.ulta.com/i/ulta/2598023?w=720;
1663410018-3044;https://www.ulta.com/skin-care?N=1z12lx1Z2707&No=0&Nrpp=96&Ns=product.bestseller%7C1;REVITALIZING Essence Lotion;https://www.ulta.com/p/revitalizing-essence-lotion-pimprod2035081;REVITALIZING Essence Lotion;Camellia Japonica Flower Water, Aqua (Water), Propanediol, Glycerin, Niacinamide, Silica, Pentylene Glycol, Faex (Yeast Extract), Camellia Japonica Flower Extract, Acrylates/C10-30 Alkyl Acrylate Crosspolymer, Chlorphenesin, Caprylyl Glycol, Parfum (Fragrance), Ammonium Acryloyldimethyltaurate/Vp Copolymer, Sodium Hyaluronate, Sodium Hydroxide, Alcaligenes Polysaccharides, Adenosine, Lactic Acid, 1,2-Hexanediol, Palmitoyl Tetrapeptide-7.;https://media.ulta.com/i/ulta/2600331?w=720;
1663410022-3045;https://www.ulta.com/skin-care?N=1z12lx1Z2707&No=0&Nrpp=96&Ns=product.bestseller%7C1;Stargirl Hydrating Toner Mist;https://www.ulta.com/p/stargirl-hydrating-toner-mist-pimprod2025356;Stargirl Hydrating Toner Mist;Purified Water, Rose Water, Aloe Vera, Sandalwood Water, Witch Hazel, Radish Root Ferment, White Willow Extract, Vegetable Glycerin, Oat Extract, Neem Leaf Extract, Neem Flower Extract, Corallina Officinalis Extract, Coccinia Indica Fruit Extract, Eggplant Fruit Extract, Aloe Vera Flower Extract, Basil Flower/Leaf Extract, Turmeric Root Extract, Blue Tansy Oil, Clary Sage Oil, Cucumber Fruit Extract, Peppermint Oil, Basil Oil.;https://media.ulta.com/i/ulta/2578979?w=720;
1663410026-3046;https://www.ulta.com/skin-care?N=1z12lx1Z2707&No=0&Nrpp=96&Ns=product.bestseller%7C1;Lighting Wand Mini Dark Spot Brightening Serum;https://www.ulta.com/p/lighting-wand-mini-dark-spot-brightening-serum-pimprod2033319;Lighting Wand Mini Dark Spot Brightening Serum;Water, Propanediol, Tromethamine, Glycolic Acid, 3-O-Ethyl Ascorbic Acid (Vitamin C), 1,2-Hexanediol, Tranexamic Acid, Niacinamide (Vitamin B3), Sodium Citrate, Glycyrrhiza Glabra (Licorice) Root Extract, Acetyl Glucosamine, Dipotassium Glycyrrhizate, Salix Alba (Willow) Bark Extract, Curcuma Longa (Turmeric) Root Extract, Beta-glucan, Aloe Barbadensis Leaf Extract, Corallina Officinalis (Coral Seaweed) Extract, Gardenia Jasminoides Fruit Extract, Melia Azadirachta (Neem) Flower Extract, Melia Azadirachta (Neem) Leaf Extract, Ocimum Sanctum (Holy Basil) Leaf Extract, Hydrolyzed Hyaluronic Acid, Glycerin, Allantoin, Pentylene Glycol, Hydroxyethylcellulose, Cellulose Gum, Butylene Glycol, Lactobacillus Ferment, Sodium Benzotriazolyl Butylphenol Sulfonate, Buteth-3, Tributyl Citrate, Tris(Tetramethylhydroxypiperidinol) Citrate, Alcohol, Tetrasodium Iminodisuccinate.;https://media.ulta.com/i/ulta/2599533?w=720;
1663410029-3047;https://www.ulta.com/skin-care?N=1z12lx1Z2707&No=0&Nrpp=96&Ns=product.bestseller%7C1;A+ De-agers: Anti-Aging Skincare Set;https://www.ulta.com/p/a-de-agers-anti-aging-skincare-set-pimprod2033962;A+ De-agers: Anti-Aging Skincare Set;See packaging for full ingredient listing.;https://media.ulta.com/i/ulta/2598030?w=720;
1663410033-3048;https://www.ulta.com/skin-care?N=1z12lx1Z2707&No=0&Nrpp=96&Ns=product.bestseller%7C1;Lychee Clean Vitamin C Face Mask;https://www.ulta.com/p/lychee-clean-vitamin-c-face-mask-pimprod2034182;Lychee Clean Vitamin C Face Mask;Water/Aqua/Eau, Glycerin, Caprylic/Capric Triglyceride, Methyl Glucose Sesquistearate, Coco-Caprylate/Caprate, Isostearyl Linoleate, Zinc Oxide, Butyrospermum Parkii (Shea) Butter, Stearyl Alcohol, Silica, Cetyl Alcohol, Glyceryl Stearate Citrate, Litchi Sinensis Seed Extract, Ascorbyl Glucoside, Vaccinium Myrtillus Fruit Extract, Saccharum Officinarum (Sugar Cane) Fruit Extract, Acer Saccharum (Sugar Maple) Extract, Pyrus Malus (Apple) Fruit Extract, Salix Alba (Willow) Bark Extract, Cocos Nucifera (Coconut) Fruit) Extract, Lavandula Angustifolia (Lavender) Flower/Leaf/Stem Extract, Ocimum Sanctum Leaf Extract, Ananas Sativus (Pineapple) Fruit Extract, Rubus Ideaeus (Raspberry) Fruit Extract, Prunus Armeniaca (Apricot) Fruit Extract, Vanilla Planifolia Fruit Extract, Passiflora Incarnata Fruit Extract, Prunus Persica (Peach) Fruit Extract, Musa Sapientum (Banana) Fruit Extract, Solarum Melogena (Eggplant) Fruit Extract, Melia Azadirachta Flower Extract, Melia Azadirachta Leaf Extract, Coccinia Indica Fruit Extract, Citrus Limon Fruit Extract, Citrus Paradisi (Grapefruit) Fruit Extract, Aloe Barbadensis Flower Extract, Citrus Aurantium Dulcis (Orange) Fruit Extract, Citrus Aurantium Dulcis (Orange) Peel Extract, Citrus Aurantifolia (Lime) Peel Extract, Citrus Limon (Lemon) Peel Extract, Zea Mays Starch, Xanthan Gum, Cetearyl Alcohol, 1,2-Hexanediol, Caprylyl Glycol, Glyceryl Caprylate, Sclerotium Gum, Pullulan, Triethyl Citrate, Sodium Stearoyl Glutamate, Polyacrylate Crosspolymer-6, Lecithin, Potassium Sorbate, Citric Acid, Sodium Benzoate, Disodium EDTA, Phenoxyethanol.;https://media.ulta.com/i/ulta/2597752?w=720;
1663410036-3049;https://www.ulta.com/skin-care?N=1z12lx1Z2707&No=0&Nrpp=96&Ns=product.bestseller%7C1;Great Skin Everywhere Skincare Set: For Combination Oily Skin;https://www.ulta.com/p/great-skin-everywhere-skincare-set-combination-oily-skin-pimprod2033971;Great Skin Everywhere Skincare Set: For Combination Oily Skin;All About Clean Liquid Facial Soap Oily Skin Formula: Water\Aqua\Eau, Sodium Laureth Sulfate, Lauramidopropyl Betaine, Cocamidopropyl Hydroxysultaine, Sodium Chloride, Sodium Cocoyl Sarcosinate, Tea-Cocoyl Glutamate, Butylene Glycol, Aloe Barbadensis Leaf Juice, PEG-120 Methyl Glucose Dioleate, Sucrose, Hexylene Glycol, Polyquaternium-7, Laureth-2, Caprylyl Glycol, Sodium Sulfate, Edta, Disodium EDTA, Methylchloroisothiazolinone, Methylisothiazolinone, Phenoxyethanol.Clarifying Lotion 3 Twice A Day Exfoliator: Water\Aqua\Eau, Alcohol Denat., Salicylic Acid, Hamamelis Virginiana (Witch Hazel), Butylene Glycol, Glycerin, Trehalose, Sodium Hyaluronate, Citric Acid, Sodium Hydroxide, Disodium EDTA, BHT, Phenoxyethanol, Benzophenone-4, Ext. Violet 2 (CI 60730), Red 6 (CI 15850), Orange 4 (CI 15510).Dramatically Different Moisturizing Gel: Water\Aqua\Eau, Dimethicone, Isododecane, Butylene Glycol, Bis-Peg-18 Methyl Ether Dimethyl Silane, Glycerin, Laminaria Saccharina Extract, Polygonum Cuspidatum Root Extract, Saccharomyces Lysate Extract, Cucumis Sativus (Cucumber) Fruit Extract, Hordeum Vulgare (Barley) Extract\Extrait D'Orge, Helianthus Annuus (Sunflower) Seedcake, Caffeine, Trehalose, Sodium Hyaluronate, Tocopheryl Acetate, Polysilicone-11, Silica, Propylene Glycol Dicaprate, Oleth-10, Lactobacillus Ferment, Laureth-23, Laureth-4, Ammonium Acryloyldimethyltaurate/Vp Copolymer, Carbomer, Caprylyl Glycol, Hexylene Glycol, Tromethamine, Disodium EDTA, Phenoxyethanol, Yellow 5 (CI 19140), Red 4 (CI 14700), Yellow 6 (CI 15985).;https://media.ulta.com/i/ulta/2598024?w=720;
1663410039-3050;https://www.ulta.com/skin-care?N=1z12lx1Z2707&No=0&Nrpp=96&Ns=product.bestseller%7C1;Blemish Breakthrough Triple-Acid Resurfacing Serum;https://www.ulta.com/p/blemish-breakthrough-triple-acid-resurfacing-serum-pimprod2033461;Blemish Breakthrough Triple-Acid Resurfacing Serum;Water (Aqua), Niacinamide, LactobionicAcid, Tranexamic Acid, Butylene Glycol, Salicylic Acid, Acacia Senegal Gum, Xanthan Gum, aprylyl/Capryl Glucoside, Polyglyceryl-3 Cocoate, Polyglyceryl-10 Laurate, Phenoxyethanol, Sodium Benzoate, Disodium EDTA, Citric Acid, Ethylhexylglycerin.;https://media.ulta.com/i/ulta/2597711?w=720;
1663410043-3051;https://www.ulta.com/skin-care?N=1z12lx1Z2707&No=0&Nrpp=96&Ns=product.bestseller%7C1;Centella Cleansing Oil;https://www.ulta.com/p/centella-cleansing-oil-pimprod2034069;Centella Cleansing Oil;Helianthus Annuus (Sunflower) Seed Oil, Ethylhexyl Stearate, Caprylic/Capric Triglyceride, PEG-20 Glyceryl Triisostearate, Prunus Amygdalus Dulcis (Sweet Almond) Oil, PEG-7 Glyceryl Cocoate, Centella Asiatica Extract, Glycine Soja (Soybean) Oil, Olus Oil/Vegetable Oil, Bisabolol, Tocopherol, Parfum/Fragrance.;https://media.ulta.com/i/ulta/2599504?w=720;
1663410046-3052;https://www.ulta.com/skin-care?N=1z12lx1Z2707&No=0&Nrpp=96&Ns=product.bestseller%7C1;Edelweiss Eye Concentrate;https://www.ulta.com/p/edelweiss-eye-concentrate-pimprod2034204;Edelweiss Eye Concentrate;Aqua/Water/Eau, Propanediol, Alcohol Denat., Glycerin, Pentylene Glycol, PEG-20 Methyl Glucose Sesquistearate, PVP, Silica, Sorbitol, Phenoxyethanol, Niacinamide, Pullulan, Avena Sativa Kernel Extract/Avena Sativa (Oat) Kernel Extract, Ethylhexylglycerin, Ammonium Acryloyldimethyltaurate/VP Copolymer, Olea Europaea Fruit Oil/Olea Europaea (Olive) Fruit Oil, Sodium Hyaluronate, Xanthan Gum, Trisodium Ethylenediamine Disuccinate, Citric Acid, Adenosine, Leontopodium Alpinum Flower/Leaf Extract, Moringa Oleifera Seed Oil, Hydrolyzed Rice Protein, Tocopherol, Leontopodium Alpinum Callus Culture Extract.;https://media.ulta.com/i/ulta/2598732?w=720;
1663410050-3053;https://www.ulta.com/skin-care?N=1z12lx1Z2707&No=0&Nrpp=96&Ns=product.bestseller%7C1;Better, Brighter Skin: Brightening Skincare Set;https://www.ulta.com/p/better-brighter-skin-brightening-skincare-set-pimprod2033963;Better, Brighter Skin: Brightening Skincare Set;Even Better Clinical Radical Dark Spot Corrector + Interrupter: Water\Aqua\Eau, Cyclopentasiloxane, Dimethicone, Polysilicone-11, Isododecane, Butylene Glycol, Ascorbyl Glucoside, PEG-10 Dimethicone, PEG-6, Morus Bombycis (Mulberry) Root Extract, Scutellaria Baicalensis Root Extract, Camellia Sinensis Leaf Extract, Cucumis Sativus (Cucumber) Fruit Extract, Saccharomyces Lysate Extract, Hordeum Vulgare (Barley) Extract\Extrait D'Orge, Salicylic Acid, Triticum Vulgare (Wheat) Germ Extract, Cholesterol, Oryza Sativa (Rice) Bran Extract, Squalane, Acetyl Glucosamine, Sodium Hyaluronate, Caffeine, Isohexadecane, Betula Alba (Birch) Bark Extract, Trametes Versicolor Extract, Sodium Rna, Glycyrrhetinic Acid, Dimethoxytolyl Propylresorcinol, Di-C12-18 Alkyl Dimonium Chloride, Helianthus Annuus (Sunflower) Seedcake, Yeast Extract\Faex\Extrait De Levure, Caprylyl Glycol, Propylene Glycol Dicaprate, Ammonium Acryloyldimethyltaurate/Vp Copolymer, Acrylamide/Sodium Acryloyldimethyltaurate Copolymer, Polysorbate 20, Tocopheryl Acetate, Polysorbate 80, Tromethamine, Sodium Hydroxide, Hexylene Glycol, Disodium EDTA, Sodium Benzoate, Sodium Metabisulfite, Sodium Sulfite, Phenoxyethanol, Yellow 6 (CI 15985), Yellow 5 (CI 19140).7 Day Scrub Cream Rinse-Off Formula: Water\Aqua\Eau, Tridecyl Stearate, Tridecyl Trimellitate, Dipentaerythrityl Hexacaprylate/Hexacaprate, Butylene Glycol, Glyceryl Stearate, Cocos Nucifera (Coconut) Oil, Caprylic/Capric Triglyceride, Silica, Cetearyl Alcohol, Ceteareth-20, Sorbitol, Hexyldecyl Stearate, Bisabolol, Disodium Cocoamphodipropionate, Triethanolamine, Oleth-10 Phosphate, Caprylyl Glycol, 1,2-Hexanediol, Stearyl Alcohol, Carbomer, Disodium EDTA, Phenoxyethanol, Potassium Sorbate, Chlorphenesin.All About Eyes: Cyclopentasiloxane, Water\Aqua\Eau, Isostearyl Palmitate, Polyethylene, Butylene Glycol, Polysilicone-11, Ethylene/Acrylic Acid Copolymer, Morus Bombycis (Mulberry) Root Extract, Caffeine, Phytosphingosine, Triticum Vulgare (Wheat) Bran Extract, Scutellaria Baicalensis Root Extract, Whey Protein\Lactis Protein\Proteine Du Petit-Lait, Olea Europaea (Olive) Fruit Extract, Camellia Sinensis (Green Tea) Leaf Extract, Cholesterol, Linoleic Acid, Tocopheryl Acetate, Magnesium Ascorbyl Phosphate, Pyridoxine Dipalmitate, Sucrose, Glycerin, Dimethicone, Glyceryl Laurate, PEG/PPG-18/18 Dimethicone, Petrolatum, Cetyl PEG/PPG-10/1 Dimethicone, Propylene Carbonate, Sodium Chloride, Quaternium-90 Bentonite, Disodium EDTA, Phenoxyethanol, Iron Oxides (CI 77491, CI 77492, CI 77499).;https://media.ulta.com/i/ulta/2598031?w=720;
1663410054-3054;https://www.ulta.com/skin-care?N=1z12lx1Z2707&No=0&Nrpp=96&Ns=product.bestseller%7C1;Jade Body Gua Sha Stone and Massage Tool;https://www.ulta.com/p/jade-body-gua-sha-stone-massage-tool-pimprod2033771;Jade Body Gua Sha Stone and Massage Tool;;https://media.ulta.com/i/ulta/2598279?w=720;
1663410057-3055;https://www.ulta.com/skin-care?N=1z12lx1Z2707&No=0&Nrpp=96&Ns=product.bestseller%7C1;ACV Resurfacing Peel Pads with Glycolic Acid + Fruit AHAs;https://www.ulta.com/p/acv-resurfacing-peel-pads-with-glycolic-acid-fruit-ahas-pimprod2034719;ACV Resurfacing Peel Pads with Glycolic Acid + Fruit AHAs;Water/Aqua/Eau, Glycolic Acid, Hamamelis Virginiana (Witch Hazel) Water, Propanediol, Cocos Nucifera (Coconut) Water, Betaine, Acetic Acid*, Pyrus Malus (Apple) Fruit Extract, Glycerin, 1,2-Hexanediol, Tetrasodium Glutamate Diacetate, Acer Saccharum (Sugar Maple) Extract, Vaccinium Myrtillus Fruit Extract, Saccharum Officinarum (Sugarcane) Extract/Extrait De Canne A Sucre, Citrus Limon (Lemon) Fruit Extract, Citrus Auratium Dulcis (Orange) Fruit Extract, Terminalia Ferdinandiana Fruit Extract, Ammonium Hydroxide, Alcohol Denat., Sodium Benzoate, Potassium Sorbate, Citric Acid, Benzoic Acid. *Apple Cider Vinegar;https://media.ulta.com/i/ulta/2602697?w=720;
1663410060-3056;https://www.ulta.com/skin-care?N=1z12lx1Z2707&No=0&Nrpp=96&Ns=product.bestseller%7C1;Skin Dew Coconut Water Cream;https://www.ulta.com/p/skin-dew-coconut-water-cream-pimprod2025153;Skin Dew Coconut Water Cream;Aloe Barbadensis (Aloe Vera) Leaf Juice*, Water/Eau, Caprylic/Capric Triglyceride**, Helianthus Annuus (Sunflower) Seed Oil*, Cetearyl Alcohol, Jojoba Esters, Theobroma Grandiflorum (Cupuacu) Seed Butter*, Helianthus Annuus (Sunflower) Seed Wax, Xylitylglucoside, Cetearyl Glucoside, Citrullus Vulgaris (Watermelon) Seed Oil, Cocos Nucifera (Coconut) Fruit Juice*, Cocos Nucifera (Coconut) Pulp Extract*, Laminaria Ochroleuca Extract, Acacia Decurrens Flower Wax, Tocopherol, Glycerin, Sclerotium Gum, Xylitol, Polyglycerin-3, Glyceryl Caprylate, Levulinic Acid, Sodium Levulinate, Anhydroxylitol, Sodium Phytate, Silicon Dioxide, Sodium Anisate, Maltodextrin.;https://media.ulta.com/i/ulta/2585389?w=720;
1663410064-3057;https://www.ulta.com/skin-care?N=1z12lx1Z2707&No=0&Nrpp=96&Ns=product.bestseller%7C1;Normaderm Acne 3-Step Kit for Oily Skin;https://www.ulta.com/p/normaderm-acne-3-step-kit-oily-skin-pimprod2033162;Normaderm Acne 3-Step Kit for Oily Skin;Normaderm Photoaction Daily Deep Cleansing Gel: Water, Coco-Betaine, Propanediol, Peg-120 Methyl Glucose Dioleate, Sodium Chloride, Sodium Cocoyl Glycinate, Dipropylene Glycol, Zinc Gluconate, Bifida Ferment Lysate, Sodium Hydroxide, Sodium Benzoate, Phenoxyethanol, Copper Gluconate, Caprylyl Glycol, Tetrasodium Glutamate Diacetate, Fragrance.Normaderm Phytoaction Acne Control Daily Moisturizer: Water, Niacinamide, Zea Mays (Corn) Starch, Glycolic Acid, Stearyl Alcohol, Glycerin, Octyldodecyl Myristate, Cetearyl Alcohol, Glyceryl Stearate, Sodium Hydroxide, Magnesium Aluminum Silicate, Peg-100 Stearate, C13-14 Isoparaffin, Allantoin, Ceteareth-20, Phenoxyethanol, Phenylethyl Resorcinol, Tocopheryl Acetate, Disodium Edta, Laureth-7, Hydrogenated Lecithin, Polyacrylamide, Ethylhexylglyceri.Normaderm S.O.S. Acne Spot Corrector: Water, Glycerin, Isononyl Isononanoate, Butylene Glycol, Kaolin, Zinc Sulfate, Bifida Ferment Lysate, Sodium Hydroxide, Sodium Polyacrylate, Sodium Hyaluronate, Sodium Benzoate, Phenoxyethanol, Ascorbyl Glucoside, Hydrolyzed Algin, Trisodium Ethylenediamine Disuccinate, Biosaccharide Gum-1, Acrylates/C10-30 Alkyl Acrylate Crosspolymer, Fragrance.;https://media.ulta.com/i/ulta/2598830?w=720;
1663410066-3058;https://www.ulta.com/skin-care?N=1z12lx1Z2707&No=0&Nrpp=96&Ns=product.bestseller%7C1;Strawberry Feels So Jelly Lip Mask;https://www.ulta.com/p/strawberry-feels-so-jelly-lip-mask-pimprod2034206;Strawberry Feels So Jelly Lip Mask;Sucrose Tetraisostearate, Triisostearin, Squalane, Polyglyceryl-2 Trisostearate, Dipentaerythrityl Hexahydroxystearate/Hexastearate/Hexarosinate, Dextrin Palmitate, Simmondsia Chinensis (Jojoba) Seed Oil, Ethylhexyl Palmitate, Tocopherol, Punica Granatum Flower Extract, Dextrin Palmitate/Ethylhexanoate, Polyglyceryl-3 Diisostearate, Phytosphingosine, Tribehenin, Sorbitan Isostearate, Palmitoyl Tripeptide-1, Lactic Acid, Diisostearyl Malate, Isostearyl Alcohol, Malic Acid, Phenoxyethanol, Fragrance (Parfum), Iron Oxides (CI 77491), Mica.;https://media.ulta.com/i/ulta/2598366?w=720;
1663410071-3059;https://www.ulta.com/skin-care?N=1z12lx1Z2707&No=0&Nrpp=96&Ns=product.bestseller%7C1;Cold Therapy Cooling Under Eye Balm;https://www.ulta.com/p/cold-therapy-cooling-under-eye-balm-pimprod2033297;Cold Therapy Cooling Under Eye Balm;Water/Aqua/Eau, Propanediol, Sodium Stearate, Methyl Methacrylate Crosspolymer, Menthyl Lactate, Sodium Chloride, Sodium Citrate, Phenoxyethanol, Dimethicone, Ethylhexylglycerin, Xanthan Gum, Polyglyceryl-4 Caprate, Polyglyceryl-6 Caprylate, Menthone Glycerin Acetal, Sodium Benzotriazolyl Butylphenol Sulfonate, Aloe Barbadensis Leaf Water, Glycerin, Caffeine, Citrullus Lanatus (Watermelon) Fruit Extract, Lens Esculenta (Lentil) Fruit Extract, Pyrus Malus (Apple) Fruit Extract, Sodium Lactate, Blue 1 (CI 42090), Sodium PCA, Tocopherol.;https://media.ulta.com/i/ulta/2591900?w=720;
1663410074-3060;https://www.ulta.com/skin-care?N=1z12lx1Z2707&No=0&Nrpp=96&Ns=product.bestseller%7C1;Acne All-Star 3-in-1 Acne Cleanser, Mask & Spot Treatment Sulfur Acne Treatment;https://www.ulta.com/p/acne-all-star-3-in-1-acne-cleanser-mask-spot-treatment-sulfur-acne-treatment-pimprod2034160;Acne All-Star 3-in-1 Acne Cleanser, Mask & Spot Treatment Sulfur Acne Treatment;"Active Ingredients: Sulfur (3%).
Inactive Ingredients: Water (Aqua), Glycerin, Bentonite, Sodium Cocoyl Isethionate, Propanediol, Sodium Cocoyl Glycinate, 1,2-Hexanediol, Magnesium Aluminum Silicate, Acacia Senegal Gum, Sea Water, Salix Alba (Willow) Bark Extract, Lactococcus Ferment Lysate, Lactobacillus, Lactobacillus Ferment, Camellia Oleifera Leaf Extract, Betula Alba Bark Extract, Scrophularia Nodosa Extract, Betula Alba Juice, Pinus Densiflora Leaf Extract, Aspalathus Linearis Leaf Extract, Panthenol, Curcuma Longa (Turmeric) Root Extract, Beta Vulgaris (Beet) Root Extract, Alpha-Glucan Oligosaccharide, Polymnia Sonchifolia Root Juice, Inulin, Lactic Acid, Leuconostoc/radish Root Ferment Filtrate, Ananas Sativus (Pineapple) Fruit Extract, Citrus Aurantium Dulcis (Orange) Fruit Extract, Citrus Limon (Lemon) Peel Extract, Eugenia Caryphyllus (Clove) Flower Extract, Pyrus Communis (Pear) Fruit Extract, Pyrus Malus (Apple) Fruit Extract, Salvia Officinalis (Sage) Leaf Extract, Vanilla Planifolia Fruit Extract, Sodium Chloride, Sorbitan Oleate Decylglucoside Crosspolymer, Maltodextrin, Butylene Glycol, Sodium Benzoate, Dipropylene Glycol, Hydroxypropyl Cyclodextrin, Potassium Sorbate, Citric Acid, Quartz, Chlorophyllin-Copper Complex, Sodium Cocoate, Coconut Acid, Sodium Isethionate, Titanium Dioxide (CI 77891).";https://media.ulta.com/i/ulta/2598895?w=720;
1663410077-3061;https://www.ulta.com/skin-care?N=1z12lx1Z2707&No=0&Nrpp=96&Ns=product.bestseller%7C1;Blemish Breakthrough Blemish Control Basics Kit;https://www.ulta.com/p/blemish-breakthrough-blemish-control-basics-kit-pimprod2033462;Blemish Breakthrough Blemish Control Basics Kit;"Acne Clarifying Cleanser Active Ingredients: Salicylic Acid 1%. Inactive Ingredients: Water (Aqua), Sodium C14-16 Olefin Sulfonate, Cocamidopropyl Betaine, Glycerin, Zinc PCA, Sodium Benzoate, Hydroxypropyl Methylcellulose, Sodium Hydroxide, Sodium Chloride, Citric Acid, Disodium EDTA, Niacinamide, Tranexamic Acid May Contain: Blue 1 (CI 42090), Yellow 5 (CI 19140).
Triple Acid Resurfacing Serum: Water (Aqua), Niacinamide, LactobionicAcid, Tranexamic Acid, Butylene Glycol, Salicylic Acid, Acacia Senegal Gum, Xanthan Gum, Caprylyl/Capryl Glucoside, Polyglyceryl-3 Cocoate, Polyglyceryl-10 Laurate, Phenoxyethanol, Sodium Benzoate, Disodium EDTA, Citric Acid, Ethylhexylglycerin.
Acne Calming Water Cream Active Ingredients: Salicylic Acid1%. Inactive Ingredients: Water (Aqua), Niacinamide, Glycerin, Silica, Propanediol, Isododecane, Tranexamic Acid, Glyceryl Stearate Citrate, C12-15 Alkyl Benzoate, Acetyl Glucosamine, Tromethamine, Aluminum Starch Octenylsuccinate, Phenoxyethanol, Cetearyl Alcohol, Capryloyl Glycine, Potassium Cetyl Phosphate, Acrylates/C10-30 Alkyl Acrylate Crosspolymer, Allantoin, Xanthan Gum, Caprylyl Glycol, Ethylhexylglycerin, Tocopherol, Helianthus Annuus (Sunflower) Seed Oil, Disodium EDTA, Caprylic Acid, Sodium CitrateMay Contain: Chromium Oxide Greens (CI 77288), Iron Oxides (CI 77492)";https://media.ulta.com/i/ulta/2597712?w=720;
1663410082-3062;https://www.ulta.com/skin-care?N=1z12lx1Z2707&No=0&Nrpp=96&Ns=product.bestseller%7C1;Soap Bark and Chamomile Deep Cleansing Cream;https://www.ulta.com/p/soap-bark-chamomile-deep-cleansing-cream-pimprod2033438;Soap Bark and Chamomile Deep Cleansing Cream;"Water, Helianthus Annuus (Sunﬂower) Seed Oil, Stearic Acid, Glycerin, Cetyl Alcohol, Cetearyl Alcohol, Cocos Nucifera (Coconut) Oil, Coco-Glucoside, Silica, Quillaja Saponaria Bark Extract, Chamomilla Recutita (Matricaria) ﬂower Extract, Echinacea Purpurea Extract, Aloe Barbadensis Leaf Extract, Tocopherol, Theobroma Cacao (Cocoa) Seed Butter, Lonicera Japonica (Honeysuckle) flower Extract, Lonicera Caprifolium (Honeysuckle) flower Extract, Rosmarinus Officinalis (Rosemary) Leaf Extract, Hamamelis Virginiana (Witch Hazel) Water, Menthol, Sucrose Stearate, Xanthan Gum, Glycine Soja (Soybean) Oil, Canola Oil, Sodium Phytate, Alcohol, Fragrance*, Phenoxyethanol, Limonene, Citral, Alpha-Isomethyl Ionone.
*Natural Fragrance";https://media.ulta.com/i/ulta/2597970?w=720;
1663410086-3063;https://www.ulta.com/skin-care?N=1z12lx1Z2707&No=0&Nrpp=96&Ns=product.bestseller%7C1;Clinique's Greatest Hits Set;https://www.ulta.com/p/cliniques-greatest-hits-set-pimprod2033967;Clinique's Greatest Hits Set;See packaging for full ingredient listing.;https://media.ulta.com/i/ulta/2598035?w=720;
1663410089-3064;https://www.ulta.com/skin-care?N=1z12lx1Z2707&No=0&Nrpp=96&Ns=product.bestseller%7C1;Weekly Reset Rejuvenating Face Mask;https://www.ulta.com/p/weekly-reset-rejuvenating-face-mask-pimprod2034354;Weekly Reset Rejuvenating Face Mask;Water (Aqua/Eau), Glycerin, Butylene Glycol, Propanediol, Ceratonia Siliqua (Carob) Gum, Polyglycerin-3, Chondrus Crispus Powder, Panthenol, Hydroxyacetophenone, Allantoin, Betaine, Xanthan Gum, Chlorphenesin, Hydroxyethyl Urea, Cellulose Gum, Glucomannan, Disodium EDTA, Potassium Chloride, Dextrin, Dipotassium Glycyrrhizate, Ethylhexylglycerin, Adenosine, Tocopherol, 1,2-Hexanediol, Honey Extract, Oryza Sativa (Rice) Extract, Oenothera Biennis (Evening Primrose) Flower Extract, Pinus Palustris Leaf Extract, Pueraria Thunbergiana Root Extract, Ulmus Davidiana Root Extract, Iron Oxides (CI 77491).;https://media.ulta.com/i/ulta/2599941?w=720;
1663410094-3065;https://www.ulta.com/skin-care?N=1z12lx1Z2707&No=0&Nrpp=96&Ns=product.bestseller%7C1;Essential Makeup Brush Trio Set;https://www.ulta.com/p/essential-makeup-brush-trio-set-pimprod2033951;Essential Makeup Brush Trio Set;;https://media.ulta.com/i/ulta/2598020?w=720;
1663410098-3066;https://www.ulta.com/skin-care?N=1z12lx1Z2707&No=0&Nrpp=96&Ns=product.bestseller%7C1;Peptide Pro Firming Moisturizer;https://www.ulta.com/p/peptide-pro-firming-moisturizer-pimprod2034057;Peptide Pro Firming Moisturizer;Water, Butylene Glycol, Sorbitol, Glycerin, Cetearyl Alcohol, Butylene Glycol Dicaprylate/Dicaprate, 1,2-Hexanediol, Caprylic/Capric Triglyceride, Hydrogenated Polydecene, C10-18 Triglycerides, Stearic Acid, Cetearyl Glucoside, Collagen Extract (Vegan), Acetyl Hexapeptide-8, Dipeptide-2, Acetyl Tetrapeptide-5, sh-Oligopeptide-1, Copper Tripeptide-1, Tripeptide-1, Palmitoyl Tripeptide-5, Palmitoyl Tripeptide-1, Nonapeptide-1, Hexapeptide-9, Palmitoyl Pentapeptide-4, sh-Polypeptide-1, Serine, Methionine, Cysteine, Arginine, Tremella Fuciformis (Mushroom) Extract,Phytosteryl/Octyldodecyl Lauroyl Glutamate, Polyglutamic Acid, Polyglyceryl-3 Methylglucose Distearate, Hydrolyzed Sodium Hyaluronate, Hydrolyzed Hyaluronic Acid, Hyaluronic Acid, Squalane, Sodium Hyaluronate, Sodium Hyaluronate Crosspolymer, Glyceryl Glucoside, Saccharomyces/Rice Ferment Filtrate, Prunus Mume Fruit Extract, Curcuma Longa (Turmeric) Root Extract, Corallina Officinalis Extract, Panax Ginseng Callus Culture Extract, Solanum Melongena (Eggplant) Fruit Extract, Prunus Armeniaca (Apricot) Fruit Extract, Aloe Barbadensis Leaf Extract, Ocimum Sanctum Leaf Extract, Adenosine, Tocopherol, Sorbitan Stearate, Carbomer, Sodium Polyacryloyldimethyl Taurate, Origanum Majorana Leaf Extract, Melia Azadirachta Leaf Extract, Melia Azadirachta Flower Extract, Aloe Barbadensis Flower Extract, Phellinus Linteus Extract, 3-O-Ethyl Ascorbic Acid, Glucose, Ethylhexylglycerin, Coccinia Indica Fruit Extract, Pentylene Glycol, Caprylyl Glycol, Tropolone, Citrus Aurantium Bergamia (Bergamot) Fruit Oil.;https://media.ulta.com/i/ulta/2597530?w=720;
1663410102-3067;https://www.ulta.com/skin-care?N=1z12lx1Z2707&No=0&Nrpp=96&Ns=product.bestseller%7C1;Skin School Supplies: Cleanser Refresher Course Set - Combination Oily;https://www.ulta.com/p/skin-school-supplies-cleanser-refresher-course-set-combination-oily-pimprod2033959;Skin School Supplies: Cleanser Refresher Course Set - Combination Oily;See packaging for full ingredient listing.;https://media.ulta.com/i/ulta/2598063?w=720;
1663410106-3068;https://www.ulta.com/skin-care?N=1z12lx1Z2707&No=0&Nrpp=96&Ns=product.bestseller%7C1;Icon Fan-favorites Mini Set;https://www.ulta.com/p/icon-fan-favorites-mini-set-pimprod2034088;Icon Fan-favorites Mini Set;Purity Cleanser: Sulfate, Limnanthes Alba (Meadowfoam) Seed Oil, Coco-Glucoside, Coconut Alcohol, Peg-120 Methyl Glucose Dioleate, Glycerin, Phenoxyethanol, Isopropyl Alcohol, Carbomer, Polysorbate 20, Chlorphenesin, Citric Acid, Disodium Phosphate, Aniba Rosaeodora (Rosewood) Wood Oil, Linalool, Ethylhexylglycerin, Xanthan Gum, Sodium Citrate, Bulnesia Sarmientoi Wood Oil, Pelargonium Graveolens Flower Oil, Sodium Hydroxide, Amyris Balsamifera Bark Oil, Cymbopogon Martini Oil, Rosa Damascena Flower Oil, Tocopherol, Daucus Carota Sativa (Carrot) Seed Oil, Mimosa Tenuiflora Bark Extract, Ormenis Multicaulis Oil, Piper Nigrum (Pepper) Fruit Extract, Salvia Sclarea (Clary) Oil, Santalum Album (Sandalwood) Oil, Fd&C Yellow No. 5 (Ci 19140).Hope in a Jar Moisturizer: Aqua/Water/Eau, Dimethicone, Stearic Acid, Glycerin, Butylene Glycol, Glycolic Acid, C12-15 Alkyl Benzoate, Pentylene Glycol, Hydroxyethyl Acrylate/Sodium Acryloyldimethyl Taurate Copolymer, Cetearyl Alcohol, Squalane, Sodium Hydroxide, Dimethicone Crosspolymer, Ceteareth-20, Boron Nitride, Ammonium Acryloyldimethyltaurate/Vp Copolymer, Polysilicone-11, Acrylates/C10-30 Alkyl Acrylate Crosspolymer, 1,2-Hexanediol, Caprylyl Glycol, Hydroxyacetophenone, Polysorbate 60, Parfum/Fragrance, Methylpropanediol, Sorbitan Isostearate, Citrus Reticulata (Tangerine) Peel Extract, Glucosyl Hesperidin, Limonene, Hyaluronic Acid, Silanetriol, Citric Acid, Citrus Reticulata (Tangerine) Fruit Extract, Sodium Benzoate, Potassium Sorbate.Fresh Cream: Aqua/Water/Eau, Sodium Laureth Sulfate, Ppg-2 Hydroxyethyl Cocamide, Lauryl Betaine, Acrylates Copolymer, Glycerin, Disodium Laureth Sulfosuccinate, Glycol Distearate, Phenoxyethanol, Parfum/Fragrance,Sodium Chloride, Sodium Benzoate, Citric Acid, Sodium Hydroxide, Styrene/Acrylates Copolymer,Polyquaternium-7, Sodium Sulfate, Laureth-2, Buteth-3, Disodium Edta, Maltodextrin, Sodium Benzotriazolyl Butylphenol Sulfonate, Bht, Aloe Barbadensis Leaf Juice, Benzoic Acid, Sodium Lauryl Sulfate, Panthenol, Camellia Sinensis Leaf Extract, Sodium Sulfite, Tributyl Citrate, Polysorbate 20, Caprylyl Glycol, Potassium Sorbate, Hexylene Glycol.Amazing Grace Edt: Alcohol Denat., Parfum/Fragrance, Aqua/Water/Eau, Benzyl Salicylate, Hexyl Cinnamal, Butyl Methoxydibenzoylmethane, Limonene, Hydroxycitronellal, Linalool, Alpha-Isomethyl Ionone, Amyl Cinnamal, Benzyl Alcohol, Citronellol, Geraniol, Benzyl Benzoate, Citral.;https://media.ulta.com/i/ulta/2598912?w=720;
1663410110-3069;https://www.ulta.com/skin-care?N=1z12lx1Z2707&No=0&Nrpp=96&Ns=product.bestseller%7C1;Anthelios Cooling Water Lotion Sunscreen SPF 60;https://www.ulta.com/p/anthelios-cooling-water-lotion-sunscreen-spf-60-pimprod2032917;Anthelios Cooling Water Lotion Sunscreen SPF 60;Active: Avobenzone 2.24% (Sunscreen), Homosalate 8% (Sunscreen), Octisalate 2.4% (Sunscreen), Octocrylene 4.48% (Sunscreen), Oxybenzone 2.88% (Sunscreen).Inactive: Water, Alcohol Denat., Dimethicone, Cyclopentasiloxane, Acrylates/Dimethicone Copolymer, Phenoxyethanol, Proprylene Glycol, Caprylyl Glycol, Sodium Polyacrylate, Silica, Acrylates/C10-30 Alkyl Acrylate Crosspolymer, Disodium EDTA, Tocopherol, Menthyl Lactate, Diethylhexyl Syringylidenemalonate, Cassia Alata Leaf Extract, Maltodextrin.;https://media.ulta.com/i/ulta/2599140?w=720;
1663410114-3070;https://www.ulta.com/skin-care?N=1z12lx1Z2707&No=0&Nrpp=96&Ns=product.bestseller%7C1;Sweet Balm Lip Mask;https://www.ulta.com/p/sweet-balm-lip-mask-pimprod2032835;Sweet Balm Lip Mask;Ricinus Communis (Castor) Seed Oil, Butyrospermum (Parkii) Shea Butter, Glycerin, Polyester-7, Neopentyl Glycol Diheptanoate, Simmondsia Chinensis (Jojoba) Seed Oil, Euphorbia Cerifera (Candelilla) Wax, Helianthus Annuus (Sunflower) Seed Wax, Tocopheryl Acetate, Sucralose.;https://media.ulta.com/i/ulta/2597468?w=720;
1663410119-3071;https://www.ulta.com/skin-care?N=1z12lx1Z2707&No=0&Nrpp=96&Ns=product.bestseller%7C1;Hydration + Radiance Kit with Hyaluronic Acid & Vitamin C Face Serums;https://www.ulta.com/p/hydration-radiance-kit-with-hyaluronic-acid-vitamin-c-face-serums-pimprod2033161;Hydration + Radiance Kit with Hyaluronic Acid & Vitamin C Face Serums;Mineral 89 Booster Serum: Aqua / Water / Eau, Peg/Ppg/Polybutylene Glycol-8/5/3 Glycerin, Glycerin, Butylene Glycol, Methyl Gluceth-20, Carbomer, Sodium Hyaluronate, Phenoxyethanol, Caprylyl Glycol, Citric Acid, Biosaccharide Gum-1.LiftActiv Vitamin C Serum: Aqua / Water / Eau, Ascorbic Acid, Alcohol Denat., Dipropylene Glycol, Glycerin, Laureth-23, Neohesperidin Dihydrochalcone, Sodium Hydroxide, Tocopherol, Hydrolyzed Hyaluronic Acid, Pinus Pinaster Bark/Bud Extract.;https://media.ulta.com/i/ulta/2598829?w=720;
1663410122-3072;https://www.ulta.com/skin-care?N=1z12lx1Z2707&No=0&Nrpp=96&Ns=product.bestseller%7C1;Multi-Correxion Even Tone + Lift Resurfacing Serum;https://www.ulta.com/p/multi-correxion-even-tone-lift-resurfacing-serum-pimprod2033482;Multi-Correxion Even Tone + Lift Resurfacing Serum;Water/Aqua/Eau, Mandelic Acid, Glycerin, Isopentyldiol, Squalane, Propanediol, Sodium Hyaluronate, Allantoin, Microcitrus Australasica Fruit Extract, Aspergillus Ferment, Sclerotium Gum, Sodium Phytate, Sodium Polyacryloyldimethyl Taurate, Hydroxyethyl Acrylate/Sodium Acryloyldimethyl Taurate Copolymer, C15-23 Alkane, C13-14 Alkane, Betaine, Decyl Glucoside, Sodium Hydroxide, Ethylhexylglycerin, Potassium Sorbate.;https://media.ulta.com/i/ulta/2597366?w=720;
1663410126-3073;https://www.ulta.com/skin-care?N=1z12lx1Z2707&No=0&Nrpp=96&Ns=product.bestseller%7C1;Gold Beach Glow Skin Illuminator;https://www.ulta.com/p/gold-beach-glow-skin-illuminator-pimprod2031925;Gold Beach Glow Skin Illuminator;Water, Propanediol, Polymnia Sonchifolia Root Juice, Bronze Powder (CI 77400), Enteromorpha Compressa Extract, Ocimum Sanctum Leaf Extract, Silybum Marianum Fruit Extract, Dipropylene Glycol, Xylitylglucoside, Polyacrylate Crosspolymer-6, Phenoxyethanol, Sodium Palmitoyl Proline, Anhydroxylitol, Glycerin, Melia Azadirachta Leaf Extract, Simmondsia Chinensis (Jojoba) Seed Oil, Vitis Vinifera (Grape) Seed Oil, Citric Acid, Fragrance, Xylitol, Butylene Glycol, Silica, Ethylhexylglycerin, Glycyrrhiza Glabra (Licorice) Root Extract, Glucose, t-Butyl Alcohol, Cereus Grandiflorus (Cactus) Extract, Potassium Sorbate, Nymphaea Alba Flower Extract, Sorbic Acid.;https://media.ulta.com/i/ulta/2577932?w=720;
1663410130-3074;https://www.ulta.com/skin-care?N=1z12lx1Z2707&No=0&Nrpp=96&Ns=product.bestseller%7C1;On-The-Go Best Sellers Travel Kit;https://www.ulta.com/p/on-go-best-sellers-travel-kit-pimprod2034255;On-The-Go Best Sellers Travel Kit;Cult Classic Purifying Cleanser: Aqua/Water/Eau, Cocamidopropyl Betaine, Disodium Laureth Sulfosuccinate, Lauryl Glucoside, Glycerin, Sodium Lauryl Sulfoacetate, Bifida Ferment Lysate, Hydrolyzed Rice Protein, Curcuma Longa (Turmeric) Root Extract, Camellia Sinensis (Green Tea) Leaf Extract, Vaccinium Angustifolium (Blueberry) Fruit Extract, Cichorium Intybus (Chicory) Root Extract, Camelina Sativa Seed Oil, Lactose, Lactis Proteinum/Milk Protein/Protéine du lait, Yogurt Powder, Olus Oil/Vegetable Oil/Huile végétale, Tocopheryl Acetate, Ascorbyl Palmitate, Panthenol, Carthamus Tinctorius (Safflower) Seed Oil, Polyquaternium-10, Butylene Glycol, Glycereth-7 Caprylate/Caprate, Inulin, Pentylene Glycol, Caprylyl Glycol, Bulnesia Sarmientoi Wood Oil, Citrus Limon (Lemon) Fruit Oil, Citrus Aurantium Dulcis (Orange) Oil, Juniperus Mexicana Oil, Cananga Odorata Flower Oil, Citric Acid, Sorbic Acid, Ethylhexylglycerin, Disteareth-75 IPDI, Fragrance (Parfum), Phenethyl Alcohol, Alpha-Isomethyl ionone, Butylphenyl Methylpropional, Linalool, Phenoxyethanol.So Polished Sugar Scrub: Sucrose, Propylene Glycol Dicaprylate/Dicaprate, Octyldodecanol, PEG-7 Glyceryl Cocoate, Mangifera Indica (Mango) Seed Butter, Candelilla Cera/Euphorbia Cerifera (Candelilla) Wax/Cire de Candelilla, Disteardimonium Hectorite, Lactococcus Ferment Lysate, Bromelain, Papain, Lactic Acid, Carica Papaya (Papaya) Fruit Extract, Citrus Limon (Lemon) Fruit Extract, Ananas Sativus (Pineapple) Fruit Extract, Vitis Vinifera (Grape) Fruit Extract, Tocopheryl Acetate, Aqua/Water/Eau, Glycerin, Propylene Carbonate, Butylene Glycol, Sodium Chloride, Sodium Benzoate, Phenoxyethanol, Fragrance/Parfum, Limonene, Benzyl Salicylate, Butylphenyl Methylpropional.24/7 Day Night Moisturizer: Aqua/Water/Eau, Butylene Glycol, Ethylhexyl Palmitate, Squalane, Glycerin, Cetyl Alcohol, Caprylic/Capric Triglyceride, Dimethicone, Hydrogenated Vegetable Oil, Glyceryl Stearate, PEG 100 Stearate, Bifida Ferment Lysate, Lactose, Lactis Proteinum/Milk Protein/Protéine du lait, Yogurt Extract, Hydrolyzed Rice Protein, Cichorium Intybus (Chicory) Root Extract, Vaccinium Angustifolium (Blueberry) Fruit Extract, Olus/Vegetable Oil/Huile végétale, Camelina Sativa Seed Oil, Camellia Sinensis Leaf Extract, Curcuma Longa (Turmeric) Root Extract, Tocopheryl Acetate, Ascorbyl Palmitate, Carthamus Tinctorius (Safflower) Seed Oil, Olea Europaea (Olive) Fruit Oil, Pyrus Malus (Apple) Fruit Extract, Citrullus Lanatus (Watermelon) Fruit Extract, Lens Esculenta (Lentil) Fruit Extract, Sodium Lactate, Sodium PCA, Carbomer, Sodium Hydroxide, Pentylene Glycol, Caprylyl Glycol, Bulnesia Sarmientoi Wood Oil, Citrus Limon (Lemon) Fruit Oil, Citrus Aurantium Dulcis (Orange) Oil, Juniperus Mexicana Oil, Cananga Odorata Flower Oil, Ethylhexylglycerin, Stearyl Alcohol, Disodium EDTA, Citric Acid, Sorbic Acid, Phenethyl Alcohol, Sodium Benzoate, Potassium Sorbate, Phenoxyethanol, Parfum/Fragrance, Alpha-Isomethyl Ionone, Butylphenyl Methylpropional, Linalool, Hexyl Cinnamal.Brightening Treatment Drops: Aqua/Water/Eau, 3-O-Ethyl Ascorbic Acid, Lactococcus Ferment Lysate, Propanediol, 1,2-Hexanediol, Ascorbyl Glucoside, Sodium Citrate, Pentylene Glycol, Cichorium Intybus (Chicory) Root Extract, Melia Azadirachta Leaf Extract, Melia Azadirachta Flower Extract, Corallina Officinalis Extract, Curcuma Longa (Turmeric) Root Extract, Ocimum Basilicum (Basil) Flower/Leaf Extract, Lactic Acid, Ocimum Sanctum Leaf Extract, Vaccinium Vitis-Idaea Fruit Extract, Citrus Unshiu Peel Extract, Hippophae Rhamnoides Fruit Extract, Litchi Chinensis Seed Extract, Mangifera Indica (Mango) Leaf Extract, Gold, Glutathione, Hydroxyacetophenone, AcetylCysteine, Sodium Sulfite, Sorbitol, Citric Acid, Sclerotium Gum, Xanthan Gum, Caprylyl Glycol, Ascorbic Acid, Sodium Phytate, Lecithin, Pullulan, Silica, Sodium Chloride, Sodium Benzoate.;https://media.ulta.com/i/ulta/2598898?w=720;
1663410133-3075;https://www.ulta.com/skin-care?N=1z12lx1Z2707&No=0&Nrpp=96&Ns=product.bestseller%7C1;Cold Therapy Stainless Steel Face Roller;https://www.ulta.com/p/cold-therapy-stainless-steel-face-roller-pimprod2033298;Cold Therapy Stainless Steel Face Roller;;https://media.ulta.com/i/ulta/2594584?w=720;
1663410137-3076;https://www.ulta.com/skin-care?N=1z12lx1Z2707&No=0&Nrpp=96&Ns=product.bestseller%7C1;Menopause Skincare Nourishing Overnight Cream;https://www.ulta.com/p/menopause-skincare-nourishing-overnight-cream-pimprod2033491;Menopause Skincare Nourishing Overnight Cream;Aqua (Water), Glycerin, Dimethicone, Butyrospermum parkii (Shea) butter, Caprylic/capric triglyceride, Steareth-21, Carthamus tinctorius (Safflower) seed oil, Silica, C12-15 alkyl benzoate, Cetearyl alcohol, Steareth-2, Glyceryl stearate, Butylene glycol, Ammonium acryloyldimethyltaurate/VP copolymer, Tocopheryl acetate, Niacinamide, Phenoxyethanol, Panthenol, Dimethiconol, Tribehenin, Ophiopogon japonicus root extract, Caprylyl glycol, Alcohol, Parfum (Fragrance), Sodium benzoate, Bisabolol, Polysorbate 80, Sodium hyaluronate, Ethylhexylglycerin, Ascorbyl glucoside, Dipropylene glycol, Tetrasodium EDTA, Lecithin, Sorbitan laurate, Ceteareth-25, Carbomer, T-butyl alcohol, Cetyl alcohol, Polysorbate 20, Hydroxyethylcellulose, Acetyl dipeptide-1 cetyl ester, Soy isoflavones, Ceramide NP, Cholesterol, Behenic acid, Ceramide NS, Camellia sinensis leaf extract, Ceramide AP, Ceramide EOS, Ceramide EOP, Caprooyl phytosphingosine, Caprooyl sphingosine, Palmitoyl tripeptide-1, Tocopherol, Ascorbyl palmitate, Palmitoyl tetrapeptide-7.;https://media.ulta.com/i/ulta/2597999?w=720;
1663410140-3077;https://www.ulta.com/skin-care?N=1z12lx1Z2707&No=0&Nrpp=96&Ns=product.bestseller%7C1;Undeniable Beauty Gummy Supplement with Biotin;https://www.ulta.com/p/undeniable-beauty-gummy-supplement-with-biotin-pimprod2032476;Undeniable Beauty Gummy Supplement with Biotin;Glucose Syrup, Beet Sugar, Water, Gelatin, Natural Flavor, Citric Acid, Pectin, Coloring, Vegetable Oil, Carnauba Wax.;https://media.ulta.com/i/ulta/2596388?w=720;
1663410144-3078;https://www.ulta.com/skin-care?N=1z12lx1Z2707&No=0&Nrpp=96&Ns=product.bestseller%7C1;Super Restorative Day Cream, All Skin Types;https://www.ulta.com/p/super-restorative-day-cream-all-skin-types-pimprod2033883;Super Restorative Day Cream, All Skin Types;Aqua/Water/Eau. Cetearyl Isononanoate. Dicaprylyl Carbonate. Glycerin. Cetearyl Alcohol. Propanediol. Ascorbyl Glucoside. Butyrospermum Parkii (Shea) Butter. Hydrogenated Coco-Glycerides. Dimethicone. Glyceryl Stearate. Peg-100 Stearate. Cetearyl Glucoside. Butylene Glycol. Carbomer. Glyceryl Caprylate. Sodium Hydroxide. Parfum/Fragrance. Xylitylglucoside. Hydroxyacetophenone. Sodium Citrate. Anhydroxylitol. Xanthan Gum. Tocopheryl Acetate. Caprylic/Capric Triglyceride. Xylitol. Disodium Edta. Alcohol. Sodium Lactate. Glucose. Citric Acid. Harungana Madagascariensis Extract. Marrubium Vulgare Extract. Coco-Glucoside. Balanites Roxburghii Seed Oil. Phenethyl Alcohol. Furcellaria Lumbricalis Extract. Pancratium Maritimum Extract. Pyrus Sorbus Bud Extract. Ulex Europaeus Leaf/Root/Stem Extract. Palmitoyl Tripeptide-1. Lapsana Communis Flower/Leaf/Stem Extract. Maris Sal/Sea Salt/Sel Marin. CI 14700/Red 4. Palmitoyl Tetrapeptide-7 [V3994A].;https://media.ulta.com/i/ulta/2598903?w=720;
1663410148-3079;https://www.ulta.com/skin-care?N=1z12lx1Z2707&No=0&Nrpp=96&Ns=product.bestseller%7C1;Ready, Set, Refresh Skincare and Makeup Set;https://www.ulta.com/p/ready-set-refresh-skincare-makeup-set-pimprod2033965;Ready, Set, Refresh Skincare and Makeup Set;See packaging for full ingredient listing.;https://media.ulta.com/i/ulta/2598034?w=720;
1663410154-3080;https://www.ulta.com/skin-care?N=1z12lx1Z2707&No=0&Nrpp=96&Ns=product.bestseller%7C1;Lipikar Balm AP+ Intense Repair Moisturizing Body & Face Cream;https://www.ulta.com/p/lipikar-balm-ap-intense-repair-moisturizing-body-face-cream-pimprod2034924;Lipikar Balm AP+ Intense Repair Moisturizing Body & Face Cream;Aqua/Water, Butyrospermum Parkii Butter/Shea Butter, Glycerin, Dimethicone, Niacinamide, Paraffinum Liquidum/Mineral Oil, Cetearyl Alcohol, Brassica Campestris Oleifera Oil/Rapeseed Seed Oil, Ammonium Polyacryldimethyltauramide/Ammonium Polyacryloyldimethyl Taurate, Peg-100 Stearate, Glyceryl Stearate, Peg-20 Methyl Glucose Sesquistearate, Cera Microcristallina/Microcrystalline Wax, Paraffin, Sorbitan Tristearate, Dimethiconol, Mannose, Disodium Edta, Capryloyl Glycine, Vitreoscilla Ferment, Xanthan Gum, Pentaerythrityl Tetra-Di-T-Butyl Hydroxyhydrocinnamate, Sodium Benzoate.;https://media.ulta.com/i/ulta/2592993?w=720;
1663410160-3081;https://www.ulta.com/skin-care?N=1z12lx1Z2707&No=0&Nrpp=96&Ns=product.bestseller%7C1;Cake Maker Tightening Butt & Leg Serum;https://www.ulta.com/p/cake-maker-tightening-butt-leg-serum-pimprod2033783;Cake Maker Tightening Butt & Leg Serum;Aloe Barbadensis Leaf Juice, Water (Aqua), Caprylic/Capric Triglycerides (Mct Oil), Vanilla Planifolia Fruit Extract, Paullinia Cupana Seed Extract, Vegetable Collagen Booster (Zea Mays,Triticum Aestivum & Glycine Max), Phenoxyethanol, Tetrasodium Diacetate, Dl-Alpha Tocopherol (Vitamin E), Fragrance, Polyglutamic Acid, Ceramide Np, Ceramide Ap, Ceramide Eop, Phytosphingosine, Cholesterol, Sodium Lauroyl Lactylate, Carbomer, Xanthan Gum May Contain: Red 33, Violet 2.;https://media.ulta.com/i/ulta/2598502?w=720;
1663410168-3082;https://www.ulta.com/skin-care?N=1z12lx1Z2707&No=0&Nrpp=96&Ns=product.bestseller%7C1;Repair + Renew Skincare Wonders;https://www.ulta.com/p/repair-renew-skincare-wonders-pimprod2035039;Repair + Renew Skincare Wonders;See packaging for full ingredient listing.;https://media.ulta.com/i/ulta/2600922?w=720;
1663410174-3083;https://www.ulta.com/skin-care?N=1z12lx1Z2707&No=0&Nrpp=96&Ns=product.bestseller%7C1;Lychee Clean Vitamin C Foaming Face Cleanser;https://www.ulta.com/p/lychee-clean-vitamin-c-foaming-face-cleanser-pimprod2034181;Lychee Clean Vitamin C Foaming Face Cleanser;Water/Aqua/Eau, Decyl Glucoside, Sodium Cocoyl Isethionate, Cocamidopropyl Betaine, Sodium Cocoyl Glutamate, Glycerin, Sodium Cocoamphoacetate, Lauryl Glucoside, Sodium Cocoyl Glutamate, Sodium Lauryl Glucose Carboxylate, Sodium Chloride, Caprylyl Glycol, 1,2-Hexanediol, Phenoxyethanol, Litchi Sinensis (Lychee) Fruit Extract, Cocos Nucifera (Coconut) Fruit Extract, Zea Mays Starch, Citric Acid, Xanthan Gum, Sodium Benzoate, Potassium Sorbate, Polyquaternium-10, Sodium Phytate, Panthenol, Allantoin, Ascorbyl Glucoside, Sodium Oleate Decylglucoside Crosspolymer, Pyrus Communis (Pear) Extract, Prunus Armeniaca (Apricot) Fruit Extract, Citrus Nobilis (Mandarin Orange) Fruit Extract, Camellia Senensis Leaf Extract, Ananas Sativus (Pineapple) Fruit Extract, Citrus Aurantium Dulcis (Orange) Peel Extract, Rubus Idaeus (Raspberry) Fruit Extract, Vanilla Planifolia Fruit Extract, Citrus Grandis (Grapefruit) Peel Extract, Citrus Tangerina (Tangerine) Peel Extract, Anthemis Nobilis Flower Oil.;https://media.ulta.com/i/ulta/2597751?w=720;
1663410180-3084;https://www.ulta.com/skin-care?N=1z12lx1Z2707&No=0&Nrpp=96&Ns=product.bestseller%7C1;Crystal Osmoter X6 Smoothing Cream;https://www.ulta.com/p/crystal-osmoter-x6-smoothing-cream-pimprod2034256;Crystal Osmoter X6 Smoothing Cream;Hydrogenated Polyisobutene, Butylene Glycol, Squalane (Phytosqualane), Simmondsia Chinensis (Jojoba) Seed Oil, Stearyl Dimethicone, Isododecane, Methyl Methacrylate Crosspolymer, Maris Aqua (Dead Sea Water/Osmoter), Disteardimonium Hectorite, C9-12 Alkane, Caprylic/Capric Triglyceride, Cetyl PEG/PPG-10/1 Dimethicone, Limnanthes Alba (Meadowfoam) Seed Oil, Cyclohexasiloxane, Dimethicone, Propylene Carbonate, Cyclopentasiloxane, Polyglyceryl-4 Isostearate, Diisobutyl Adipate, Propanediol (Corn derived), Ethylene/Propylene Copolymer, Glycerin, Hydrogenated Polydecene, Dimethiconol, Parfum (Fragrance), Linalool, Hexyl Cinnamal, Citronellol, Geraniol, Limonene, Pentaerythrityl Tetra-di-t-butyl Hydroxyhydrocinnamate, PVP, Synthetic Fluorphlogopite, Titanium Dioxide (CI 77891), Iron Oxides (CI 77491), Tin Oxide, Tocopherol (Vitamin E), Brassica Campestris (Rapeseed) Sterols, Spilanthes Acmella Flower Extract, Phoenix Dactylifera (Date) Fruit Extract, Dunaliella Salina (Dead Sea Alga) Extract.;https://media.ulta.com/i/ulta/2598145?w=720;
1663410186-3085;https://www.ulta.com/skin-care?N=1z12lx1Z2707&No=0&Nrpp=96&Ns=product.bestseller%7C1;Clean it Zero Purifying Super Relief Double Cleansing Kit;https://www.ulta.com/p/clean-it-zero-purifying-super-relief-double-cleansing-kit-pimprod2032973;Clean it Zero Purifying Super Relief Double Cleansing Kit;Cleansing Balm: Cetyl Ethylhexanoate, Caprylic/Capric Triglyceride, PEG-20 Glyceryl Triisostearate, PEG-10 Isostearate, Synthetic Wax, Water, Phenoxyethanol, Butylene Glycol, Fragrance, Tocopheryl Acetate, Oenothera Biennis (Evening Primrose) Oil, Argania Spinosa Kernel Oil, Ethylhexylglycerin, Anthemis Nobilis Flower Water, Glycerin, Centella Asiatica Extract, Epilobium Angustifolium Flower/Leaf/Stem Extract, Scutellaria Baicalensis Root Extract, Polygonum Cuspidatum Root Extract, Glycyrrhiza Glabra (Licorice) Root Extract, Camellia Sinensis Leaf Extract, 1,2-Hexanediol, Citric Acid, Rosmarinus Officinalis (Rosemary) Leaf Extract, Chamomilla Recutita (Matricaria) Flower Extract, Calendula Officinalis Flower Extract, Portulaca Oleracea Extract, Althaea Rosea Flower Extract, Aloe Barbadensis Leaf Extract, Sodium Benzoate, Bambusa Vulgaris Leaf/Stem Extract, Aspalathus Linearis Extract, Angelica Archangelica Root Extract, Malpighia Glabra (Acerola) Fruit Extract, Potassium Sorbate, Sodium Metabisulfite, Zea Mays (Corn) Oil, Beta-Carotene, Polydiethyleneglycol Adipate/IPDI Copolymer, Acrylates/Ammonium Methacrylate Copolymer, Acrylates/Methoxy PEG-15 Methacrylate Copolymer, Tocopherol.Purifying Foam Cleanser: Water, Sodium Cocoyl Isethionate, Glycerin, Butylene Glycol, 1,2-Hexanediol, Polyglyceryl-4 Caprate, Coco-Betaine, Olea Europaea (Olive) Fruit Oil, Hydroxyethylcellulose, Sodium Chloride, Ethylhexylglycerin, Betaine, Sodium Nitrate, Eucalyptus Globulus Leaf Oil, Citrus Aurantium Bergamia (Bergamot) Fruit Oil, Ferula Galbaniflua (Galbanum) Resin Oil, Anthemis Nobilis Flower Oil, Rosmarinus Officinalis (Rosemary) Leaf Oil, Centella Asiatica Extract, Disodium Phosphate, Polysorbate 60, Simmondsia Chinensis (Jojoba) Seed Oil, Sodium Phosphate, Asiaticoside, Centella Asiatica Root Extract, Centella Asiatica Leaf Extract, Centella Asiatica Flower/Leaf/Stem Extract, Bifida Ferment Lysate, Arginine, Lactobacillus Ferment, Vaccinium Angustifolium (Blueberry) Fruit Extract, Madecassic Acid, Asiatic Acid, Madecassoside.;https://media.ulta.com/i/ulta/2599333?w=720;
1663410195-3086;https://www.ulta.com/skin-care?N=1z12lx1Z2707&No=0&Nrpp=96&Ns=product.bestseller%7C1;Ceramighty AF Eye Balm;https://www.ulta.com/p/ceramighty-af-eye-balm-pimprod2034188;Ceramighty AF Eye Balm;Water/Aqua/Eau, Octyldodecanol, Glycerin, Sclerocarya Birrea Seed Butter, Linoleic Acid, Glyceryl Stearate, Palmitic Acid, Pentylene Glycol, Cetearyl Alcohol, Stearic Acid, Sclerocarya Birrea Seed Oil, Persea Gratissima (Avocado) Oil, Avena Sativa (Oat) Kernel Oil, Oenothera Biennis (Evening Primrose) Oil, Linum Usitatissimum (Linseed) Seed Oil, Salvia Hispanica Seed Oil, Simmondsia Chinensis (Jojoba) Seed Oil, Ceramide AP, Ceramide NP, Ceramide EOP, Avena Sativa (Oat) Kernel Extract, Panthenol, Linolenic Acid, Adenosine, Beta-Glucan, Quercetin, Allantoin, Sodium Lauroyl Lactylate, Phytosphingosine, Cholesterol, Xanthan Gum, Tetrasodium Glutamate Diacetate, Propanediol, Citric Acid, Ceteareth-20, Sodium Carbonate, Phenoxyethanol, Sodium Chloride, Caprylyl Glycol, Sodium Hydroxide, Chlorphenesin, Carbomer, Ethylhexylglycerin.;https://media.ulta.com/i/ulta/2598803?w=720;
1663410198-3087;https://www.ulta.com/skin-care?N=1z12lx1Z2707&No=0&Nrpp=96&Ns=product.bestseller%7C1;Travel Size The True Cream - Aqua Bomb;https://www.ulta.com/p/travel-size-true-cream-aqua-bomb-pimprod2032175;Travel Size The True Cream - Aqua Bomb;Water/Eau, Dipropylene Glycol, Glycerin, Methyl Trimethicone, Alcohol Denat., Dimethicone, Cyclopentasiloxane, 1,2-Hexanediol, Caprylic/Capric Triglyceride, PEG?PPG/Polybutylene Glycol-8/5/3 Glycerin, Pentaerythrityl Tetraethylhexanoate, Polymethylsilsesquioxane, Panthenol, PEG-150, Pentaerythrityl Tetraisostearate, Avena Sativa (Oat) Kernel Extract, Calendula Officinalis Flower Extract, Nepeta Cataria Extract, Rubus Idaeus (Raspberry) Leaf Extract, Baptisia Tinctoria Root Extract, Stellaria Media (Chickweed) Extract, Alchemilla Vulgaris Leaf Extract, Equisetum Arvense Leaf Extract, Urtica Dioica (Nettle) Leaf Extract, Phenyl Trimethicone, Hydroexyethyl Acrylate/Sodium Accryloyldimethyl Taurate Copolymer, Carbomer, Tromethamine, Squalane, PEG-40 Hydrogenated Castor Oil, Dimethiconol, Acrylates/C10-30 Alkyl Acrylate Crosspolymer, C14-22 Alcohols, Polysorbate 60, Butylene Glycol, Macadamia Ternifolia Seed Oil, Malachite Extract, Triethylhexanoin, Trisodium EDTA, Arachidyl Glucoside, Butryospermum Parkii (Shea) Butter, Hydrogenated Lecithin, Sorbitan Isostearate, Glyceryl Stearate, Stearic Acid, Ceramide NP, Cholesterol, PEG-100 Stearate, Rosmarinus Offinalis (Rosemary) Leaf Oil, Citrus Aurantifolia (Lime) Oil, Pelargonium Graveolens Flower Oil, Citrus Aurantium Dulcis (Orange) Peel Oil, Citral, Citronellol, Limonene, Geraniol, Linalool.;https://media.ulta.com/i/ulta/2594654?w=720;
1663410202-3088;https://www.ulta.com/skin-care?N=1z12lx1Z2707&No=0&Nrpp=96&Ns=product.bestseller%7C1;Thick & Full Supplements;https://www.ulta.com/p/thick-full-supplements-pimprod2033362;Thick & Full Supplements;Ingredients: Dicalcium Phosphate, Pea Shoot Extract, Pyridoxine Hcl, Calcium D Pantothenate, Riboflavin, Niacinamide, Ascorbic Acid, Magnesium Salts Of Fatty Acids, Ferrous Fumarate, Zinc Sulfate, Biotin, Amla Extract, Thiamine Mononitrate, Cyanocobalamin, Hypromellose (Capsule), Titanium Dioxide (Capsule);https://media.ulta.com/i/ulta/2597418?w=720;
1663410206-3089;https://www.ulta.com/skin-care?N=1z12lx1Z2707&No=0&Nrpp=96&Ns=product.bestseller%7C1;Skincare Minis Facial Mask Kit;https://www.ulta.com/p/skincare-minis-facial-mask-kit-pimprod2033303;Skincare Minis Facial Mask Kit;"Clarifying Cleanser: Water/Aqua/Eau, Glycerin, Palmitic Acid, Myristic Acid, Potassium Hydroxide, Lauric Acid, Stearic Acid, Ceteareth-20, Glycol Distearate, Glyceryl Oleate, Hydroxyethylcellulose, Phenoxyethanol, Disodium Edta, Chlorphenesin, Allantoin, Propylene Glycol, Butylene Glycol, Salix Alba (Willow) Bark Extract, Glycyrrhiza Glabra (Licorice) Root Extract, Citrus Grandis (Grapefruit) Fruit Extract, Saccharomyces/Coix Lacryma-Jobi Ma-Yuen Seed Ferment Filtrate, Glycolic Acid, Fragrance/Parfum, Geraniol, Alpha-Isomethyl Ionone, Linalool.
Anti-Stress Clay Mask: Water/Aqua/Eau, Kaolin, Bentonite, Glycerin, Maris Sal, Phenoxyethanol, Sodium Polyacrylate, Disodium Edta, Chlorphenesin, Lavandula Angustifolia (Lavender) Oil, Sodium Chloride, Magnesium Aluminum Silicate, Caprylic/Capric Triglyceride, Butylene Glycol, 1,2-Hexanediol, Citrus Aurantium Bergamia (Bergamot) Fruit Oil, Algae Extract, Sodium Benzoate, Lactic Acid, Ethylhexylglycerin, Artemisia Vulgaris Extract, Fragrance/Parfum, Blue 1 (Ci 42090), Yellow 5 (CI 19140).
Soothing Face Moisturizer: Water/Aqua/Eau, Glycerin, Isopropyl Myristate, Dimethicone, Sorbitan Stearate, Cetearyl Alcohol, Carbomer, Peg-100 Stearate, Glyceryl Stearate, Phenoxyethanol, Chlorphenesin, Aminomethyl Propanol, Sodium Hyaluronate, Disodium Edta, Aloe Barbadensis Leaf Juice, Potassium Sorbate, Sodium Benzoate, Butylene Glycol, Centella Asiatica Extract, Polygonum Cuspidatum Root Extract, Scutellaria Baicalensis Root Extract, Camellia Sinensis Leaf Extract, Glycyrrhiza Glabra (Licorice) Root Extract, Chamomilla Recutita (Matricaria) Flower Extract, Rosmarinus Officinalis (Rosemary) Leaf Extract, Ceramide 3, Hydrogenated Lecithin, Polyglyceryl-10 Stearate, Sucrose Stearate.
Resurfacing Scrub Mask: Water/Aqua/Eau, Disodium Lauryl Sulfosuccinate, Acrylates Copolymer, Cocamidopropyl Betaine, Juglans Regia (Walnut) Shell Powder, Sodium Lauroamphoacetate, Cocamide Methyl Mea, Sodium Chloride, Phenoxyethanol,Chlorphenesin, Styrene/Acrylates Copolymer, Sodium Hydroxide, Glycerin, Sodium Sulfite, Peg-150 Distearate, Disodium Edta, Sodium Benzoate, Butylene Glycol, 1,2-Hexanediol, Colloidal Oatmeal, Ethylhexylglycerin, Caramel, Fragrance/Parfum, Hexyl Cinnamal, Coumarin, Titanium Dioxide (CI 77891).";https://media.ulta.com/i/ulta/2597520?w=720;
1663410208-3090;https://www.ulta.com/skin-care?N=1z12lx1Z2707&No=0&Nrpp=96&Ns=product.bestseller%7C1;Anti-Aging Triple-Acid Peel;https://www.ulta.com/p/anti-aging-triple-acid-peel-pimprod2033133;Anti-Aging Triple-Acid Peel;Water/Aqua/Eau, Phytic Acid, Sodium Hydroxide, Glycolic Acid, Sodium PCA, Ethylhexylglycerin, Salicylic Acid, Potassium Sorbate, Propanediol.;https://media.ulta.com/i/ulta/2595694?w=720;
1663410212-3091;https://www.ulta.com/skin-care?N=1z12lx1Z2707&No=0&Nrpp=96&Ns=product.bestseller%7C1;UFO 2;https://www.ulta.com/p/ufo-2-pimprod2032793;UFO 2;;https://media.ulta.com/i/ulta/2598283?w=720;
1663410215-3092;https://www.ulta.com/skin-care?N=1z12lx1Z2707&No=0&Nrpp=96&Ns=product.bestseller%7C1;Unicorn Fruit Skin Brightening Deodorant;https://www.ulta.com/p/unicorn-fruit-skin-brightening-deodorant-pimprod2033779;Unicorn Fruit Skin Brightening Deodorant;Cocos Nucifera (Coconut) Oil, Caprylic/Capric Triglyceride, Tapioca Starch, Stearyl Alcohol, Magnesium Hydroxide, Hydrogenated Castor Oil, Oryza Sativa (Rice) Bran Wax, Triethyl Citrate, Fragrance, Behenyl Alcohol, Polyglyceryl-3 Stearate, Polyglyceryl-3 Stearate, Mangifera Indica (Mango) Seed Butter, Platonia Insignis Seed Butter, Lactobacillus/Papaya Fruit Ferment Filtrate, Phenylethyl Resorcinol, Helianthus Annuus (Sunflower) Seed Oil, Vaccinium Myrtillus Fruit Extract, Saccharum Officinarum (Sugar Cane) Extract, Citrus Aurantium Dulcis (Orange) Fruit Extract, Citrus Limon (Lemon) Fruit Extract, Carica Papaya (Papaya) Seed Oil, Acer Saccharum (Sugar Maple) Extract, Tocopherol.;https://media.ulta.com/i/ulta/2598715?w=720;
1663410218-3093;https://www.ulta.com/skin-care?N=1z12lx1Z2707&No=0&Nrpp=96&Ns=product.bestseller%7C1;Fast Release Wrinkle-Reducing 0.3% Retinol Night Serum;https://www.ulta.com/p/fast-release-wrinkle-reducing-03-retinol-night-serum-pimprod2034042;Fast Release Wrinkle-Reducing 0.3% Retinol Night Serum;Serum: Aqua / Water, Glycerin, Propanediol, Butylene Glycol, Glycereth-26, Panthenol, 1,2-Hexanediol, Polyglycerin-3, C12-14 Pareth-12, Phenoxyethanol, Caprylyl Glycol, Ammonium Acryloyldimethyltaurate/Vp Copolymer, Betaine, Xanthan Gum, Ethylhexylglycerin, Adenosine, Carbomer, Glyceryl Acrylate/Acrylic Acid Copolymer, Tromethamine, Glycereth-25 Pca Isostearate, T-Butyl Alcohol, Tocopherol.Retinol Powder: Cellulose Acetate Butyrate, Tricaprylin, Retinol, Pentaerythrityl Tetra-Di-T-Butyl Hydroxyhydrocinnamate, Silica Silylate, Silica, Magnesium Stearate.;https://media.ulta.com/i/ulta/2598133?w=720;
1663410222-3094;https://www.ulta.com/skin-care?N=1z12lx1Z2707&No=0&Nrpp=96&Ns=product.bestseller%7C1;Clinique Smart Clinical Repair Wrinkle Correcting Rich Cream;https://www.ulta.com/p/clinique-smart-clinical-repair-wrinkle-correcting-rich-cream-pimprod2033121;Clinique Smart Clinical Repair Wrinkle Correcting Rich Cream;Water\Aqua\Eau, Butyrospermum Parkii (Shea) Butter, Butylene Glycol, Cetearyl Alcohol, Glycerin, Phenyl Trimethicone, Hydrogenated Polyisobutene, Sucrose, PEG-100 Stearate, Cetyl Esters, Polyglyceryl-3 Beeswax, Hdi/Trimethylol Hexyllactone Crosspolymer, Isostearyl Neopentanoate, Cetearyl Glucoside, Palmitoyl Tetrapeptide-7, Algae Extract, Sodium Hyaluronate, Palmitoyl Hexapeptide-12, Sigesbeckia Orientalis (St. Paul'S Wort) Extract, Whey Protein\Lactis Protein\Protéine Du Petit-Lait, Dipeptide Diaminobutyroyl Benzylamide Diacetate, Glycine Soja (Soybean) Seed Extract, Caffeine, Acetyl Glucosamine, Linoleic Acid, Aminopropyl Ascorbyl Phosphate, Dimethicone, Polybutene, Caprylyl Glycol, Acetyl Hexapeptide-8, Palmitoyl Tripeptide-1, Acetyl Octapeptide-3, Methyl Glucose Sesquistearate, PEG-8, Polymethyl Methacrylate, Polysilicone-11, Glyceryl Polymethacrylate, Stearic Acid, 1,2-Hexanediol, Carbomer, Silica, Polysorbate 20, Aminomethyl Propanol, Disodium Edta, Sodium Citrate, Tocopheryl Acetate, Bht, Phenoxyethanol, Sodium Dehydroacetate, Potassium Sorbate, ILN50528.;https://media.ulta.com/i/ulta/2598028?w=720;
1663410226-3095;https://www.ulta.com/skin-care?N=1z12lx1Z2707&No=0&Nrpp=96&Ns=product.bestseller%7C1;Multi-Action Super Shrink Pore Minimizing Serum;https://www.ulta.com/p/multi-action-super-shrink-pore-minimizing-serum-pimprod2034081;Multi-Action Super Shrink Pore Minimizing Serum;Aqua/Water/Eau, Sea Silt Extract/Maris Limus Extract/Extrait de limon marin, Alcohol Denat., Glycerin, Pentylene Glycol, Glycereth-7 Triacetate, Maltodextrin, Propanediol, Isopentyldiol, Betaine Salicylate, Sea Water/Maris Aqua/Eau de mer, Dimethyl Isosorbide, Trifolium Pratense (Clover) Flower Extract, Melia Azadirachta Flower Extract, Backhousia Citriodora Leaf Extract, Microcitrus Australasica Fruit Extract, Melia Azadirachta Leaf Extract, Hibiscus Sabdariffa Fruit Extract, Bixa Orellana Seed Extract, Tamarindus Indica Seed Polysaccharide, Myristyl Nicotinate, Protease, Lipase, Aloe Barbadensis Leaf Juice Powder, Erythritol, Polyacrylate Crosspolymer-6, Rhizobian Gum, Benzyl Alcohol, 1,2-Hexanediol, Glucose, Fragrance/Parfum, Disodium EDTA, Aminomethyl Propanol, Caprylhydroxamic Acid, Citric Acid, Potassium Sorbate, Sodium Hydroxide, Linalool, Geraniol, Limonene [ILN 66556].;https://media.ulta.com/i/ulta/2598835?w=720;
1663410229-3096;https://www.ulta.com/skin-care?N=1z12lx1Z2707&No=0&Nrpp=96&Ns=product.bestseller%7C1;Let Me Sleep Natural Sleep Supplement;https://www.ulta.com/p/let-me-sleep-natural-sleep-supplement-pimprod2032481;Let Me Sleep Natural Sleep Supplement;"Vitamin B6 (as pyridoxal-5-phosphate), Magnesium (from Aquamin Mg Seawater), GABA (gamma-aminobutyric acid), Chamomile (Matricaria chamomilla) (Flower Tops) Extract, Melatonin (as MicroActive, Hydroxypropyl Methylcellulose (Vegetable Capsule), Rice Flour, Sodium Alginate (from Marine brown algae), Microcrystalline Cellulose, Carnauba Wax.
Aquamin is a registered trademark of Marigot Ltd. of Cork, Ireland. MicroActive is a registered trademark of BioActives LLC.";https://media.ulta.com/i/ulta/2596230?w=720;
1663410233-3097;https://www.ulta.com/skin-care?N=1z12lx1Z2707&No=0&Nrpp=96&Ns=product.bestseller%7C1;Blemish Breakthrough Acne Fighting Spot Gel;https://www.ulta.com/p/blemish-breakthrough-acne-fighting-spot-gel-pimprod2033463;Blemish Breakthrough Acne Fighting Spot Gel;"Active Ingredients: Salicylic Acid 1%.
Inactive Ingredients: Water (Aqua), Alcohol Denat., Butylene Glycol, Polyacrylate Crosspolymer-6, Camphor, Sodium Hydroxide, Melaleuca Alternifolia (Tea Tree) Leaf Oil, Hamamelis Virginiana (Witch Hazel) Extract, Aloe Barbadensis Leaf Extract, Camellia Sinensis Leaf Extract, T-Butyl Alcohol, Sodium Benzoate, Phenoxyethanol, Denatonium Benzoate";https://media.ulta.com/i/ulta/2597713?w=720;
1663410237-3098;https://www.ulta.com/skin-care?N=1z12lx1Z2707&No=0&Nrpp=96&Ns=product.bestseller%7C1;Hello Kitty Apple Of My Eye Brightening Hydrogel Under Eye Patches;https://www.ulta.com/p/hello-kitty-apple-of-my-eye-brightening-hydrogel-under-eye-patches-pimprod2033338;Hello Kitty Apple Of My Eye Brightening Hydrogel Under Eye Patches;Water, Glycerin, Methylpropanediol, 1,2-Hexanediol, Simmondsia Chinensis (Jojoba) Seed Oil, Ceratonia Siliqua (Carob) Gum, Chondrus Crispus Extract, Polysorbate 20, Cellulose Gum, PEG-60 Hydrogenated Castor Oil, Pyrus Malus (Apple) Fruit Extract, Tremella Fuciformis (Mushroom) Extract, Tamarindus-Indica Seed Gum, Potassium Chloride, Xanthan Gum, Dosodiuum EDTA, Dextrin, Sodium Hydroxide, Sodium Hyaluronate, Ascorbic Acid, Fragrance.;https://media.ulta.com/i/ulta/2597453?w=720;
1663410240-3099;https://www.ulta.com/skin-care?N=1z12lx1Z2707&No=0&Nrpp=96&Ns=product.bestseller%7C1;Refining Pink To Green Color Changing Clay Facial Mask;https://www.ulta.com/p/refining-pink-green-color-changing-clay-facial-mask-pimprod2033430;Refining Pink To Green Color Changing Clay Facial Mask;Water/Aqua/Eau, Kaolin, Glycerin, Cetearyl Alcohol, Ethylhexyl Palmitate, Peg-100 Stearate, Glyceryl Stearate, Phenoxyethanol, Hydroxyacetophenone, Chlorphenesin, Ethylhexylglycerin, Xanthan Gum, Carbomer, Arginine, Sodium Stearoyl Glutamate, Disodium Edta, Tocopherol, Butylene Glycol, Citrus Grandis (Grapefruit) Fruit Extract, Prunus Persica (Peach) Fruit Extract, Mannitol, Zea Mays (Corn) Starch, Hydrogenated Lecithin, Fragrance/Parfum, Linalool, Benzyl Salicylate, Citronellol, Titanium Dioxide (Ci 77891), Chromium Oxide Greens (CI 77288), Red 40 (CI 16035).;https://media.ulta.com/i/ulta/2597518?w=720;
1663410243-3100;https://www.ulta.com/skin-care?N=1z12lx1Z2707&No=0&Nrpp=96&Ns=product.bestseller%7C1;Ageless Phyto-Retinol Lip Balm;https://www.ulta.com/p/ageless-phyto-retinol-lip-balm-pimprod2025798;Ageless Phyto-Retinol Lip Balm;;https://media.ulta.com/i/ulta/2581727?w=720;
1663410249-3101;https://www.ulta.com/skin-care?N=1z12lx1Z2707&No=0&Nrpp=96&Ns=product.bestseller%7C1;Rose Gold Beach Glow Skin Illuminator;https://www.ulta.com/p/rose-gold-beach-glow-skin-illuminator-pimprod2031937;Rose Gold Beach Glow Skin Illuminator;Water, Polymnia Sonchifolia Root Juice, Dipropylene Glycol, Xylitylglucoside, Fluorphlogopite, Glycerin, Phenoxyethanol, Polyacrylate Crosspolymer-6, Sodium Palmitoyl Proline, Anhydroxylitol, Simmondsia Chinensis (Jojoba) Seed Oil, Vitis Vinifera (Grape) Seed Oil, Iron Oxides (CI 77491), Fragrance, Xylitol, Butylene Glycol, Propanediol, Titanium Dioxide (CI 77891), Ethylhexylglycerin, Glycyrrhiza Glabra (Licorice) Root Extract, Melia Azadirachta Leaf Extract, Glucose, t-Butyl Alcohol, Cereus Grandiflorus (Cactus) Extract, Potassium Sorbate, Tin Oxide (CI 77861), Enteromorpha Compressa Extract, Ocimum Sanctum Leaf Extract, Silybum Marianum Fruit Extract, Nymphaea Alba Flower Extract, Citric Acid, Sorbic Acid.;https://media.ulta.com/i/ulta/2577933?w=720;
1663410261-3102;https://www.ulta.com/skin-care?N=1z12lx1Z2707&No=0&Nrpp=96&Ns=product.bestseller%7C1;Beauty Flash Peel;https://www.ulta.com/p/beauty-flash-peel-pimprod2033789;Beauty Flash Peel;Aqua/Water/Eau, Alcohol, Butylene Glycol, Glycolic Acid, Hydroxyethylcellulose, Sodium Hydroxide, Salicylic Acid, Ppg-26-Buteth-26, Peg-40 Hydrogenated Castor Oil, Parfum/Fragrance, Sodium Glycolate, Ethylene Brassylate [V4219A].;https://media.ulta.com/i/ulta/2598880?w=720;
1663410264-3103;https://www.ulta.com/skin-care?N=1z12lx1Z2707&No=0&Nrpp=96&Ns=product.bestseller%7C1;Hydrapout Lip Treatment;https://www.ulta.com/p/hydrapout-lip-treatment-pimprod2033126;Hydrapout Lip Treatment;Phytosteryl/Isostearyl/Cetyl/Stearyl/Behenyl Dimer Dilinoleate, Diisostearyl Malate, Hydrogenated Polyisobutene, Polybutene, Butyrospermum Parkii (Shea) Butter, Octyldodecanol, Microcrystalline Wax (Cera Microcristallina, Cire microcristalline), Polyglyceryl-2 Diisostearate, Disteardimonium Hectorite, Theobroma Cacao (Cocoa) Seed Butter, Ethylhexyl Palmitate, Propylene Carbonate, Tocopheryl Acetate, Pentaerythrityl Tetra-Di-T-Butyl Hydroxyhydrocinnamate, Carthamus Tinctorius (Safflower) Seed Oil, Mentha Piperita (Peppermint) Oil, Aloe Barbadensis Leaf Extract, Silica Dimethyl Silylate, Butylene Glycol, Caprylyl Glycol, Phenoxyethanol, Sodium Hyaluronate, Hexylene Glycol, Red 7 Lake (CI 15850), Red 6 (CI 15850).;https://media.ulta.com/i/ulta/2593072?w=720;
1663410268-3104;https://www.ulta.com/skin-care?N=1z12lx1Z2707&No=0&Nrpp=96&Ns=product.bestseller%7C1;Honestly Pure Retinyl Serum;https://www.ulta.com/p/honestly-pure-retinyl-serum-pimprod2033302;Honestly Pure Retinyl Serum;Water (Aqua/Eau), Squalane, Hydrogenated Sunflower Seed Oil Polyglyceryl-3 Esters, Pyrus Malus (Apple) Fruit Extract, Retinyl Linoleate, Hydrolyzed Sodium Hyaluronate, Sodium Acetylated Hyaluronate, Niacinamide, Glycerin, Jojoba Esters, Hydrogenated Sunflower Seed Oil Glyceryl Esters, Cetearyl Alcohol, Cetyl Alcohol, Xanthan Gum, Tocopherol, Phytosteryl/Octyldodecyl Lauroyl Glutamate, Sodium Stearoyl Lactylate, Trisodium Ethylenediamine Disuccinate, Hydroxyacetophenone, 1,2-Hexanediol, Caprylyl Glycol, Citric Acid.;https://media.ulta.com/i/ulta/2599125?w=720;
1663410271-3105;https://www.ulta.com/skin-care?N=1z12lx1Z2707&No=0&Nrpp=96&Ns=product.bestseller%7C1;Seaglow Overnight Serum AHA Treatment;https://www.ulta.com/p/seaglow-overnight-serum-aha-treatment-pimprod2033801;Seaglow Overnight Serum AHA Treatment;Water / Aqua / Eau, Pseudozyma Epicola/Apricot Kernel Oil/Olive Fruit Oil/Sunflower Seed Oil/Sweet Almond Oil/(Angelica Gigas/Lithospermum Erythrorhizon) Root Extract Ferment Extract Filtrate, Glycerin, Lactic Acid, Sodium Hydroxide, Cetearyl Olivate, Phytic Acid, Malic Acid, Tartaric Acid, Citric Acid, Sorbitan Olivate, Methylheptylglycerin, Spirulina Platensis Extract, Actinidia Chinensis (Kiwi) Fruit Water, Kappaphycus Alvarezii Extract, Lactobacillus/Pumpkin Fruit Ferment Filtrate, Sea Water / Maris Aqua / Eau de mer, Spondias Mombin Pulp Extract, Mangifera Indica (Mango) Pulp Extract, Musa Sapientum (Banana) Pulp Extract, Microcitrus Australasica Fruit Extract, Bambusa Vulgaris Leaf/Stem Extract, Pisum Sativum (Pea) Extract, Pullulan, Silica, Xanthan Gum, Lecithin, Sclerotium Gum, Glucosamine HCl, Caprylhydroxamic Acid, Leuconostoc/Radish Root Ferment Filtrate, Lactobacillus Ferment, Sodium Benzoate, Potassium Sorbate.;https://media.ulta.com/i/ulta/2598883?w=720;
1663410275-3106;https://www.ulta.com/skin-care?N=1z12lx1Z2707&No=0&Nrpp=96&Ns=product.bestseller%7C1;B-FLEX Lift and Firm Arm Cream;https://www.ulta.com/p/b-flex-lift-firm-arm-cream-pimprod2034141;B-FLEX Lift and Firm Arm Cream;Water (Aqua), Cetearyl Ethylhexanoate, Caprylic/Capric Triglyceride, Glyceryl Stearate Citrate, Glycerin, Cetyl Alcohol, Stearyl Alcohol, Glyceryl Stearate SE, Helianthus Annuus (Sunflower) Seed Wax, Panthenol, Schinus Terebinthifolius Seed Extract, Anigozanthos Flavidus Extract, Paullinia Cupana Seed Extract, Hydrolyzed Rhodophyceae Extract, Polyacrylate Crosspolymer-6, Xanthan Gum, Tocopheryl Acetate, PVP, Dipropylene Glycol, Caprylyl Glycol, Allantoin, Sodium Phytate, Vanillyl Butyl Ether, Citric Acid, Linoleic Acid, T-Butyl Alcohol, Ethylhexylglycerin, Sodium Chloride, Sodium Sulfate, Linolenic Acid, Phenoxyethanol, Chlorphenesin, Fragrance (Parfum), Benzyl Alcohol, Benzyl Benzoate, Hexyl Cinnamal, Limonene, Linalool, Blue 1 (CI 42090), Ext. Violet 2 (CI 60730), Red 33 (CI 17200).;https://media.ulta.com/i/ulta/2598314?w=720;
1663410279-3107;https://www.ulta.com/skin-care?N=1z12lx1Z2707&No=0&Nrpp=96&Ns=product.bestseller%7C1;Merry Moisture Set;https://www.ulta.com/p/merry-moisture-set-pimprod2033970;Merry Moisture Set;Moisture Surge 100H Auto-Replenishing Hydrator: Water\Aqua\Eau, Dimethicone, Butylene Glycol, Glycerin, Trisiloxane, Trehalose, Sucrose, Ammonium Acryloyldimethyltaurate/Vp Copolymer, Hydroxyethyl Urea, Camellia Sinensis (Green Tea) Leaf Extract, Silybum Marianum (Lady'S Thistle) Extract, Betula Alba (Birch) Bark Extract, Saccharomyces Lysate Extract, Aloe Barbadensis Leaf Water, Aloe Barbadensis Leaf Extract, Thermus Thermophillus Ferment, Caffeine, Sorbitol, Palmitoyl Hexapeptide-12, Sodium Hyaluronate, Caprylyl Glycol, Oleth-10, Sodium Polyaspartate, Aloe Barbadensis Leaf Polysaccharides, Lactobacillus Ferment Lysate, Saccharide Isomerate, Hydrogenated Lecithin, Tocopheryl Acetate, Acrylates/C10-30 Alkyl Acrylate Crosspolymer, Glyceryl Polymethacrylate, Tromethamine, PEG-8, Hexylene Glycol, Magnesium Ascorbyl Phosphate, Citric Acid, Bht, Disodium EDTA, Sodium Citrate, Potassium Sorbate, Sodium Benzoate, Phenoxyethanol, Red 4 (CI 14700), Yellow 5 (CI 19140).Chubby Stick Moisturizing Lip Colour Balm in Super Strawberry: Ricinus Communis (Castor) Seed Oil, Vegetable Oil\Olus\Huile Végétale, Caprylic/Capric Triglyceride, Euphorbia Cerifera (Candelilla) Wax\Candelilla Cera\Cire De Candelilla, Beeswax\Cera Alba\Cire D'Abeille, Ozokerite, Hydrogenated Vegetable Oil, Butyrospermum Parkii (Shea Butter), Simmondsia Chinensis (Jojoba) Seed Oil, Tocopherol, Butyrospermum Parkii (Shea Butter) Extract, Mangifera Indica (Mango) Seed Butter, Limnanthes Alba (Meadowfoam) Seed Oil, Hydrogenated Olive Oil, Glycine Soja (Soybean) Oil, Helianthus Annuus (Sunflower) Seed Oil, [+/- Titanium Dioxide (CI 77891), Yellow 5 Lake (CI 19140), Iron Oxides (CI 77491), Iron Oxides (CI 77492), Iron Oxides (CI 77499), Yellow 6 Lake (CI 15985), Red 7 Lake (CI 15850), Red 6 (CI 15850), Bismuth Oxychloride (CI 77163), Carmine (CI 75470), Red 22 Lake (CI 45380), Red 33 Lake (CI 17200), Red 28 Lake (CI 45410), Mica, Blue 1 Lake (CI 42090), Red 30 Lake (CI 73360).;https://media.ulta.com/i/ulta/2598067?w=720;
1663410282-3108;https://www.ulta.com/skin-care?N=1z12lx1Z2707&No=0&Nrpp=96&Ns=product.bestseller%7C1;It's Summer Somewhere Kit;https://www.ulta.com/p/its-summer-somewhere-kit-pimprod2033443;It's Summer Somewhere Kit;"O-Bloos Rosi Drops:
Water/Aqua/Eau, Hydrogenated Polyisobutene, Glyceryl Oleate Citrate, Hydroxyethyl Acrylate/Sodium Acryloyldimethyl Taurate Copolymer, Glycerin, Ribes Nigrum (Black Currant) Seed Oil, Sclerocarya Birrea Seed Oil, Theobroma Cacao (Cocoa) Extract, Caprylic/Capric Triglyceride, Palmitoyl Tripeptide-1, Vitis Vinifera (Grape) Juice Extract, Caesalpinia Sappan Bark Extract, Sodium Lactate, Palmitoyl Tetrapeptide-7, Linoleic Acid, Linolenic Acid, Sorbitan Isostearate, Camellia Sinensis Leaf Extract, Propanediol, Sodium Hyaluronate Crosspolymer, Glutamylamidoethyl Imidazole, Silica, Butylene Glycol, Tocopherol, Polysorbate 20, Carbomer, Xanthan Gum, Phenoxyethanol, Pentylene Glycol, Sodium Benzoate, Sorbic Acid, Sodium Citrate, Caprylyl Glycol, Boron Nitride, Hexylene Glycol, Polysorbate 60, Ethylhexylglycerin, Tin Oxide. [+/- (May Contain/Peut Contenir): Mica, CI 77891 (Titanium Dioxide), CI 77491 (Iron Oxides)].D-Bronzi Anti-Pollution Sunshine Drops:
Water, Hydrogenated Polyisobutene, Glyceryl Oleate Citrate, Mica, Hydroxyethyl Acrylate/Sodium Acryloyldimethyl Taurate Copolymer, Glycerin, Ribes Nigrum (Black Currant) Seed Oil, Sclerocarya Birrea Seed Oil, Theobroma Cacao (Cocoa) Extract, Caprylic/Capric Triglyceride, Vitis Vinifera (Grape) Seed Extract, Lecithin, Acetyl Tetrapeptide-17, Linoleic Acid, Linolenic Acid, Sorbitan Isostearate, Camellia Sinensis Leaf Extract, Maltodextrin, Sodium Hyaluronate Crosspolymer, Magnolia Officinalis Bark Extract, Glutamylamidoethyl Imidazole, Colloidal Platinum [Nano], Tocopherol, Phenoxyethanol, Pentylene Glycol, Sodium Benzoate, Sorbic Acid, Caprylyl Glycol, Boron Nitride, Hexylene Glycol, Polysorbate 60, Ethylhexylglycerin, CI 77491 (Iron Oxides), CI 77492 (Iron Oxides), CI 77499 (Iron Oxides), Sodium C14-16 Olefin Sulfonate.Lala Retro Whipped Cream:
Water/Aqua/Eau, Glycerin, Caprylic/ Capric Triglyceride, Isopropyl Isostearate, Pseudozyma Epicola/Camellia Sinensis Seed Oil/Glucose/Glycine Soja (Soybean) Meal/Malt Extract/Yeast Extract Ferment Filtrate, Glyceryl Stearate SE, Cetearyl Alcohol, Palmitic Acid, Stearic Acid, Pentylene Glycol, Plantago Lanceolata Leaf Extract, Adansonia Digitata Seed Oil, Citrullus Lanatus (Watermelon) Seed Oil, Passiflora Edulis Seed Oil, Schinziophyton Rautanenii Kernel Oil, Sclerocarya Birrea Seed Oil, Polyglyceryl-6 Ximenia Americana Seedate, Cholesterol, Ceramide AP, Ceramide EOP,Sodium Hyaluronate Crosspolymer, Ceramide NP, Phytosphingosine, Ceteareth-20, Trisodium Ethylenediamine Disuccinate, Tocopherol, Sodium Lauroyl Lactylate, Sodium Hydroxide, Citric Acid, Carbomer, Xanthan Gum, Caprylyl Glycol, Chlorphenesin, Phenoxyethanol, Ethylhexylglycerin.";https://media.ulta.com/i/ulta/2598331?w=720;
1663410286-3109;https://www.ulta.com/skin-care?N=1z12lx1Z2707&No=0&Nrpp=96&Ns=product.bestseller%7C1;Beautiful Together Confidence Boosting Anti-Aging Skincare Gift Set;https://www.ulta.com/p/beautiful-together-confidence-boosting-anti-aging-skincare-gift-set-pimprod2034895;Beautiful Together Confidence Boosting Anti-Aging Skincare Gift Set;;https://media.ulta.com/i/ulta/2600765?w=720;
1663410289-3110;https://www.ulta.com/skin-care?N=1z12lx1Z2707&No=0&Nrpp=96&Ns=product.bestseller%7C1;Moisture Surge Megastars: Hydrating Skincare Set;https://www.ulta.com/p/moisture-surge-megastars-hydrating-skincare-set-pimprod2033956;Moisture Surge Megastars: Hydrating Skincare Set;See packaging for full ingredient listing.;https://media.ulta.com/i/ulta/2598090?w=720;
1663410292-3111;https://www.ulta.com/skin-care?N=1z12lx1Z2707&No=0&Nrpp=96&Ns=product.bestseller%7C1;Purple Multi Masker Kit;https://www.ulta.com/p/purple-multi-masker-kit-pimprod2033484;Purple Multi Masker Kit;Deep Clean Sheet Mask: Water (Aqua), Glycerin, Propanediol, Glycyrrhiza Glabra (Licorice) Root Extract, Ananas Sativus (Pineapple) Fruit Extract, Chamomilla Recutita (Matricaria) Flower Extract, Phenoxyethanol, Ethylhexylglycerin, Dipotassium Glycyrrhizate, Acrylates/C10-30 Alkyl Acrylate Crosspolymer, Chlorphenesin, Allantoin, Glyceryl Caprylate, Hydroxyethylcellulose, Sodium Hyaluronate, Tocopheryl Acetate, Melaleuca Alternifolia (Tea Tree) Leaf Oil, 4-Terpineol, O-Cymen-5-Ol.Fruit Enzyme Gentle Peel Exfoliating Sheet Mask: Water (Aqua), Propanediol, Glycerin, Aloe Barbadensis Leaf Juice, Citrus Aurantifolia (Lime) Fruit Extract, Citrus Limon (Lemon) Fruit Extract, Citrus Aurantium Dulcis (Orange) Fruit Extract, Vitis Vinifera (Grape) Fruit Extract, Actinidia Chinensis (Kiwi) Fruit Extract, Citrullus Lanatus (Watermelon) Fruit Extract, Ananas Sativus (Pineapple) Fruit Extract, Persea Gratissima (Avocado) Oil, Xanthan Gum, Malic Acid, Hydroxyacetophenone, Phenoxyethanol, Glyceryl Caprylate, Ethylhexylglycerin.Rose Stem Cell Renewal Sheet Mask: Water (Aqua), Propanediol, Glycerin, Rosa Damascena Flower Water, Saccharide Isomerate, Panthenol, Carrageenan, Xanthan Gum, Hydroxyacetophenone, Hydroxyethylcellulose, Phenoxyethanol, Dipotassium Glycyrrhizate, Rhododendron Ferrugineum Extract, Glyceryl Caprylate, Ethylhexylglycerin, Isomalt, Lecithin, Sodium Benzoate, Lactic Acid.Bakuchiol Repairing Sheet Mask: Water (Aqua), Propanediol, Aloe Barbadensis Leaf Juice, Bakuchiol, Mentha Piperita (Peppermint) Leaf Water, Tropaeolum Majus (Nasturtium) Flower/Leaf/Stem Extract, Hydroxyacetophenone, Sodium Polyacrylate, Phenoxyethanol, Hydroxyethylcellulose, Xanthan Gum, Bifida Ferment Lysate, Glycoproteins, Ethylhexylglycerin, Glutamic Acid, Glyceryl Caprylate, Valine, Threonine.Cactus Flower Hydrating Sheet Mask: Aloe Barbadensis Leaf Juice, Propanediol, Water (Aqua), Glycosyl Trehalose, Glycerin, Pentylene Glycol, Hydrogenated Starch Hydrolysate, Cereus Grandiflorus (Cactus) Flower Extract, Squalane, Polyacrylate Crosspolymer-6, Phenoxyethanol, Xanthan Gum, Allantoin, Simmondsia Chinensis (Jojoba) Seed Oil, Ceramide Np, Ceramide Ap, Ceramide Eop, Phytosphingosine, Cholesterol, O-Cymen-5-Ol, Ethylhexylglycerin.Hydrating Lip Balm - Wild Berry: Cocos Nucifera (Coconut) Oil, Candelilla Wax, Helianthus Annuus (Sunflower) Seed Oil, Theobroma Cocoa (Cocoa) Seed Butter, Flavor, Tocopherol.;https://media.ulta.com/i/ulta/2597336?w=720;
1663410296-3112;https://www.ulta.com/skin-care?N=1z12lx1Z2707&No=0&Nrpp=96&Ns=product.bestseller%7C1;Clarifying Exfoliating Toner;https://www.ulta.com/p/clarifying-exfoliating-toner-pimprod2032587;Clarifying Exfoliating Toner;Aqua/Water/Eau, Propanediol, Butylene Glycol, Salicylic Acid, Pentylene Glycol, 1,2-Hexanediol, Caprylhydroxamic Acid, Sodium Hydroxide, Sodium Phytate.;https://media.ulta.com/i/ulta/2595369?w=720;
1663410300-3113;https://www.ulta.com/skin-care?N=1z12lx1Z2707&No=0&Nrpp=96&Ns=product.bestseller%7C1;Icelandic Relief Eye Cream with Glacial Flower Extract;https://www.ulta.com/p/icelandic-relief-eye-cream-with-glacial-flower-extract-xlsImpprod5830034;Icelandic Relief Eye Cream with Glacial Flower Extract;"Aqua/Eau/Water, Hydrogenated Ethylhexyl Olivate, Glyceryl Stearate Se, Caprylic/Capric Triglyceride, Glycerin, Stearic Acid, Decyl Oleate, Dimethicone, Saponaria Pumila Callus Culture Extract+, Pfaffia Paniculata Root Extract, Lilium Candidum Flower Extract, Angelica Archangelica Root Water*, Oxycoccus Palustris (Cranberry) Seed Oil, Rubus Chamaemorus (Arctic Cloudberry) Seed Oil, Ptychopetalum Olacoides Bark/Stem Extract, Polygonum Fagopyrum Seed Extract, Perfluorodecalin, Gossypium Herbaceum (Cotton), Hydrolyzed Rice Bran Protein, Thymus Vulgaris Flower/Leaf Extract, Buddleja Davidii Extract, Simmondsia Chinensis (Jojoba) Seed Oil, Hydrogenated Vegetable Oil, Aloe Barbadensis Leaf Juice, Laminaria Digitata Powder, Ceramide NP, Hydrogenated Olive Oil Unsaponifiables, Caprylyl Glycol, Cetyl Alcohol, Phenoxyethanol, Isomalt, Acrylates/C10-30 Alkyl Acrylate Crosspolymer, Pentylene Glycol, Caprylyl/Capryl Glucoside, Sodium Hydroxide, Potassium Sorbate, Benzyl Alcohol, Lecithin+, Sodium Benzoate, Silica, Sucrose Palmitate, Xanthan Gum.*Component of Icelandic Glacial Water
+Contains Soy";https://media.ulta.com/i/ulta/2266974?w=720;
1663410303-3114;https://www.ulta.com/skin-care?N=1z12lx1Z2707&No=0&Nrpp=96&Ns=product.bestseller%7C1;Plump It Up Gentle Retinol Face Serum;https://www.ulta.com/p/plump-it-up-gentle-retinol-face-serum-pimprod2034908;Plump It Up Gentle Retinol Face Serum;Water (Aqua), Heptyl Undecylenate, Silica, Vinyl Dimethicone/Methicone Silsesquioxane Crosspolymer, Glycerin, Butylene Glycol, Pentylene Glycol, Caprylic/Capric Triglyceride, Retinol, Ceramide NG, Sodium Hyaluronate, Rosa Canina Fruit Oil, Rosmarinus Officinalis (Rosemary) Leaf Extract, Helianthus Annuus (Sunflower) Extract, Prunus Armeniaca (Apricot) Kernel Oil, Vitis Vinifera (Grape) Seed Oil, Oryza Sativa (Rice) Bran Extract, Ammonium Acryloyldimethyltaurate/Beheneth-25 Methacrylate Crosspolymer, Ammonium Acryloyldimethyltaurate/Vp Copolymer, Caprylyl Glycol, Citric Acid, Jojoba Esters, Lactic Acid, Phenoxyethanol, Polysorbate 20, Potassium Hydroxide, Potassium Sorbate, Sodium PCA, Tetrasodium Glutamate Diacetate, Tocopherol.;https://media.ulta.com/i/ulta/2602624?w=720;
1663410307-3115;https://www.ulta.com/skin-care?N=1z12lx1Z2707&No=0&Nrpp=96&Ns=product.bestseller%7C1;Silk SPF 30;https://www.ulta.com/p/silk-spf-30-pimprod2033507;Silk SPF 30;"Active:Zinc Oxide 10.5%, Homosalate 10%.
Water/Aqua/Eau, Caprylic/Capric Triglyceride, Glyceryl Stearate Se, Coconut Alkanes, Glycerin, Coco-Caprylate/Caprate, Decyl Glucoside, Oryza Sativa (Rice) Starch, Musa Sapientum (Banana) Flower Extract, Polyhydroxystearic Acid, Polyglyceryl-3 Polyricinoleate, Isostearic Acid, Lecithin, Xanthan Gum, Hydroxyethylcellulose, Caprylyl Glycol, Caprylhydroxamic Acid, Sodium Benzoate, Citric Acid, Disodium Phosphate, Sodium Phosphate.";https://media.ulta.com/i/ulta/2597677?w=720;
1663410311-3116;https://www.ulta.com/skin-care?N=1z12lx1Z2707&No=0&Nrpp=96&Ns=product.bestseller%7C1;Clean it Zero Purifying Foam Cleanser;https://www.ulta.com/p/clean-it-zero-purifying-foam-cleanser-pimprod2032932;Clean it Zero Purifying Foam Cleanser;Water, Sodium Cocoyl Isethionate, Glycerin, Butylene Glycol, 1,2-Hexanediol, Polyglyceryl-4 Caprate, Coco-Betaine, Olea Europaea (Olive) Fruit Oil, Hydroxyethylcellulose, Sodium Chloride, Ethylhexylglycerin, Betaine, Sodium Nitrate, Eucalyptus Globulus Leaf Oil, Citrus Aurantium Bergamia (Bergamot) Fruit Oil, Ferula Galbaniflua (Galbanum) Resin Oil, Anthemis Nobilis Flower Oil, Rosmarinus Officinalis (Rosemary) Leaf Oil, Centella Asiatica Extract, Disodium Phosphate, Polysorbate 60, Simmondsia Chinensis (Jojoba) Seed Oil, Sodium Phosphate, Asiaticoside, Centella Asiatica Root Extract, Centella Asiatica Leaf Extract, Centella Asiatica Flower/Leaf/Stem Extract, Bifida Ferment Lysate, Arginine, Lactobacillus Ferment, Vaccinium Angustifolium (Blueberry) Fruit Extract, Madecassic Acid, Asiatic Acid, Madecassoside.;https://media.ulta.com/i/ulta/2598742?w=720;
1663410316-3117;https://www.ulta.com/skin-care?N=1z12lx1Z2707&No=0&Nrpp=96&Ns=product.bestseller%7C1;Mighty Biome Ultra-Hydrating Moisturizer Concentrate;https://www.ulta.com/p/mighty-biome-ultra-hydrating-moisturizer-concentrate-pimprod2034108;Mighty Biome Ultra-Hydrating Moisturizer Concentrate;Water (Aqua) (Eau), Tridecyl Stearate, Neopentyl Glycol Dicaprylate/Dicaprate, Propanediol, Squalane, Stearic Acid, Glyceryl Stearate SE, Tridecyl Trimellitate, Cetearyl Alcohol, Cetyl Palmitate, Panthenol, Tocopherol, Magnesium Carboxymethyl Beta-Glucan, Lactococcus Ferment Lysate, Ceramide NP, Beta-Carotene, Rosmarinus Officinalis (Rosemary) Leaf Extract, Helianthus Annuus (Sunflower) Extract, Daucus Carota Sativa (Carrot) Root Extract, Oryza Sativa (Rice) Bran Extract, Chlorella Vulgaris Extract, Butyrospermum Parkii (Shea) Butter, Glycine Soja (Soybean) Oil, Zinc PCA, Lactic Acid, Allantoin, Glycerin, Caprylyl Glycol, Caprylic/Capric Triglyceride, Hydrogenated Phosphatidylcholine, Acrylates/C10-30 Alkyl Acrylate Crosspolymer, Sodium Stearoyl Glutamate, Cetearyl Glucoside, Hexylene Glycol, Pentylene Glycol, Tetrasodium Glutamate Diacetate, Phenoxyethanol, Ethylhexylglycerin, Sodium Benzoate, Chlorphenesin, Sodium Chloride, Sodium Hydroxide.;https://media.ulta.com/i/ulta/2598800?w=720;
1663410319-3118;https://www.ulta.com/skin-care?N=1z12lx1Z2707&No=0&Nrpp=96&Ns=product.bestseller%7C1;Skin School Supplies: Cleanser Refresher Course Set - Dry Combination;https://www.ulta.com/p/skin-school-supplies-cleanser-refresher-course-set-dry-combination-pimprod2033958;Skin School Supplies: Cleanser Refresher Course Set - Dry Combination;See packaging for full ingredient listing.;https://media.ulta.com/i/ulta/2598062?w=720;
1663410323-3119;https://www.ulta.com/skin-care?N=1z12lx1Z2707&No=0&Nrpp=96&Ns=product.bestseller%7C1;Aluminum Free 24 Hour Dry Touch Deodorant;https://www.ulta.com/p/aluminum-free-24-hour-dry-touch-deodorant-pimprod2013156;Aluminum Free 24 Hour Dry Touch Deodorant;Vichy Mineralizing Water, Propylene Glycol, Glycerin, Aqua / Water, Sodium Stearate, Steareth-100, Perlite, Behenic Acid, Edta, Zinc Gluconate, Sodium Hydroxide, Sodium Styrene/Acrylates Copolymer, Sodium Lauryl Sulfate, Sodium Palmitoyl Proline, Nymphaea Alba Extract / Nymphaea Alba Flower Extract.;https://media.ulta.com/i/ulta/2559392?w=720;
1663410327-3120;https://www.ulta.com/skin-care?N=1z12lx1Z2707&No=0&Nrpp=96&Ns=product.bestseller%7C1;Clear Skin SPF 30;https://www.ulta.com/p/clear-skin-spf-30-pimprod2033282;Clear Skin SPF 30;Water, Isopropyl Lauroyl Sarcosinate, Glycerin, Dimethicone, Diisopropyl Sebacate, Sucrose Tristearate, Polymethyl Methacrylate, Silica, Aluminum Starch Octenylsuccinate, Pentylene Glycol, Polysorbate 61, Sodium Stearoyl Glutamate, Phenoxyethanol, Caprylyl Glycol, Tocopheryl Acetate, Dimethiconol, Glycyrrhetinic Acid, Xanthan Gum, Potassium Sorbate, Disodium EDTA, Panthenol, Carbomer, Allantoin, Triethanolamine, Zinc Gluconate, Ceramide.;https://media.ulta.com/i/ulta/2595005?w=720;
1663410330-3121;https://www.ulta.com/skin-care?N=1z12lx1Z2707&No=0&Nrpp=96&Ns=product.bestseller%7C1;The Getaway Skincare Set;https://www.ulta.com/p/getaway-skincare-set-pimprod2033442;The Getaway Skincare Set;Water\Aqua\Eau, Cyclopentasiloxane, Bis-Diglyceryl Polyacyladipate-2, Butylene Glycol, Ppg-2 Myristyl Ether Propionate, Cetyl Alcohol, Peg-40 Stearate, Butyrospermum Parkii (Shea Butter), Squalane, Glyceryl Stearate, Sorbitan Stearate, Epilobium Angustifolium Extract, Yeast Extract\Faex\Extrait De Levure, Beta-Carotene, Sodium Hyaluronate, Citrus Grandis (Grapefruit) Peel Oil, Tocopheryl Acetate, Methyl Glucose Sesquistearate, Pelargonium Graveolens (Geranium) Flower Oil, Dimethicone Crosspolymer, Acrylates/C10-30 Alkyl Acrylate Crosspolymer, Carbomer, Peg-20 Methyl Glucose Sesquistearate, C12-15 Alkyl Ethylhexanoate, Tetrasodium Edta, Sodium Hydroxide, Panthenol, Magnesium Ascorbyl Phosphate, Limonene, Citronellol, Geraniol, Linalool, Chlorphenesin, Phenoxyethanol.Extra Lip Tint: Bb (Bobbi Brown)Ingredients: Hydrogenated Polyisobutene, Phytosteryl/Isostearyl/Cetyl/Stearyl/Behenyl Dimer Dilinoleate, Polyglyceryl-10 Decaisostearate, Microcrystalline Wax\Cera Microcristallina\Cire Microcristalline, Phytosteryl/Octyldodecyl Lauroyl Glutamate, Synthetic Wax, Cetearyl Alcohol, Octyldodecanol, Caprylic/Capric Triglyceride, Octyldodecyl Neopentanoate, Polyethylene, Theobroma Cacao (Cocoa) Seed Butter, Orbignya Oleifera (Babassu) Seed Oil, Simmondsia Chinensis (Jojoba) Seed Oil, Persea Gratissima (Avocado) Oil, Olea Europaea (Olive) Fruit Oil, Squalane, Olea Europaea (Olive) Oil Unsaponifiables, Ethylene/Propylene Copolymer, Hydrogenated Olive Oil, Sorbitan Oleate, Tocopheryl Acetate, Ascorbyl Palmitate, Tocopherol, Pentaerythrityl Tetra-Di-T-Butyl Hydroxyhydrocinnamate, Linalool, Citral, Limonene, Fragrance (Parfum), [+/- Mica, Titanium Dioxide (CI 77891), Iron Oxides (CI 77491), Iron Oxides (CI 77492), Iron Oxides (CI 77499), Red 21 (CI 45380), Red 7 Lake (CI 15850), Bronze Powder (CI 77400), Copper Powder (CI 77400), Orange 5 (CI 45370), Red 28 Lake (CI 45410), Yellow 6 Lake (CI 15985), Blue 1 Lake (CI 42090), Red 27 (CI 45410), Red 7 (CI 15850), Red 6 (CI 15850), Red 33 Lake (CI 17200), Bismuth Oxychloride (CI 77163), Manganese Violet (CI 77742), Red 22 Lake (CI 45380), Yellow 5 Lake (CI 19140), Red 30 Lake (CI 73360)].Vitamin Enriched Eye Cream: Water\Aqua\Eau, Dimethicone, Bis-Diglyceryl Polyacyladipate-2, Butylene Glycol, Ppg-2 Myristyl Ether Propionate, Cetyl Alcohol, Peg-40 Stearate, Butyrospermum Parkii (Shea) Butter, Rhodochrosite Extract, Ascorbyl Glucoside, Squalane, Trisiloxane, Glyceryl Stearate, Sorbitan Stearate, Epilobium Angustifolium Flower\Leaf\Stem Extract, Yeast Extract\Faex\Extrait De Levure, Daucus Carota Sativa (Carrot) Root Extract, Spinacia Oleracea (Spinach) Leaf Extract, Vaccinium Angustifolium (Blueberry) Fruit Extract, Brassica Oleracea Italica (Broccoli) Extract, Algae Extract, Beta-Carotene, Sodium Hyaluronate, Tocopheryl Acetate, Panthenol, Magnesium Ascorbyl Phosphate, Caffeine, Folic Acid, Pyridoxine Dipalmitate, Cyanocobalamin, Niacinamide, Retinyl Palmitate, Phytosphingosine, Fragrance (Parfum), Glycerin, Caprylyl Glycol, Methyl Glucose Sesquistearate, Dimethicone Crosspolymer, Acrylates/C10-30 Alkyl Acrylate Crosspolymer, Carbomer, Peg-20 Methyl Glucose Sesquistearate, C12-15 Alkyl Ethylhexanoate, Tetrasodium Edta, Sodium Hydroxide, Limonene, Citronellol, Geraniol, Linalool, Bht, Sorbic Acid, Chlorphenesin, Phenoxyethanol.;https://media.ulta.com/i/ulta/2600186?w=720;
1663410334-3122;https://www.ulta.com/skin-care?N=1z12lx1Z2707&No=0&Nrpp=96&Ns=product.bestseller%7C1;Moisture Surge Hydrating Lotion;https://www.ulta.com/p/moisture-surge-hydrating-lotion-pimprod2015394;Moisture Surge Hydrating Lotion;Water\Aqua\Eau, Bis-PEG-18 Methyl Ether Dimethyl Silane, Glycerin, Butylene Glycol, Pentylene Glycol, Bambusa Vulgaris (Bamboo) Extract, Pisum Sativum (Pea) Extract, Hordeum Vulgare (Barley) Extract\Extrait D'Orge, Triticum Vulgare (Wheat) Germ Extract, Gellidiella Acerosa Extract, Sigesbeckia Orientalis (St. Paul'S Wort) Extract, Caffeine, Hypnea Musciformis (Algae) Extract, Sucrose, Lactobacillus Ferment, Palmitoyl Hexapeptide-12, Ergothioneine, Acetyl Glucosamine, Trehalose, Squalane, Glyceryl Polymethacrylate, Sodium Hyaluronate, Jojoba Esters, Sodium Pca, Urea, PEG-32, Acrylates/C10-30 Alkyl Acrylate Crosspolymer, Glucosamine Hcl, Caprylyl Glycol, PEG-6, PEG-8, Polysorbate 20, Cetyl Alcohol, Stearic Acid, Glyceryl Stearate, Citric Acid, Sodium Hydroxide, Hexylene Glycol, Polyquaternium-51, Disodium EDTA, Potassium Sorbate, Chlorphenesin, Phenoxyethanol.Please be aware that ingredient lists may change or vary from time to time. Please refer to the ingredient list on the product package you receive for the most up to date list of ingredients.;https://media.ulta.com/i/ulta/2565558?w=720;
1663410337-3123;https://www.ulta.com/skin-care?N=1z12lx1Z2707&No=0&Nrpp=96&Ns=product.bestseller%7C1;Super Soothe Gentle Facial Wipes;https://www.ulta.com/p/super-soothe-gentle-facial-wipes-pimprod2033822;Super Soothe Gentle Facial Wipes;Water/Aqua/Eau, Glycerin, Decyl Glucoside, Phenoxyethanol, Alcohol Denat., Niacinamide, Ethylhexylglycerin, Disodium EDTA, Citric Acid, Tocopheryl Acetate, Anthemis Nobilis Flower Oil, Aloe Barbadensis Leaf Juice, Camellia Sinensis Leaf Extract, Canola Oil/Huile de Colza, Chamomilla Recutita (Matricaria) Flower Extract, Panax Ginseng Root Extract, Persea Gratissima (Avocado) Oil, Vitis Vinifera (Grape) Seed Extract.;https://media.ulta.com/i/ulta/2593276?w=720;
1663410341-3124;https://www.ulta.com/skin-care?N=1z12lx1Z2707&No=0&Nrpp=96&Ns=product.bestseller%7C1;The Icons Mini Clean Skincare Trio;https://www.ulta.com/p/icons-mini-clean-skincare-trio-pimprod2034050;The Icons Mini Clean Skincare Trio;Gentle Gel Cleanser: Water (Aqua), Sodium Laurylglucosides Hydroxypropylsulfonate, Glycerin, Sodium Methyl Cocoyl Taurate, Cocamidopropyl Hydroxysultaine, Sodium Chloride, Sorbitol, Sodium Lauryl Glucose Carboxylate, Lauryl Glucoside, Calendula Officinalis Flower Extract, Chamomilla Recutita (Matricaria) Flower Extract, Yucca Schidigera Root Extract, Saponaria Officinalis Extract, Leuconostoc/Radish Root Ferment Filtrate, Hydrolyzed Quinoa, Lavandula Angustifolia (Lavender) Oil, Lavandula Hybrida Oil, Pelargonium Graveolens Flower Oil, Pogostemon Cablin Leaf Oil, Anthemis Nobilis Flower Oil, Cymbopogon Martini Oil, Abies Sibirica Oil, Gluconolactone, Potassium Sorbate, Sodium Benzoate, Coconut Acid, Sodium Citrate, Citric Acid, Sorbic Acid, Linalool.Vitamin C Radiance Serum: Water (Aqua), Glycerin, Propanediol, Pyrus Malus (Apple) Fruit Extract, Cynara Scolymus (Artichoke) Leaf Extract, Aloe Barbadensis Leaf Juice Powder, Diglucosyl Gallic Acid, Citric Acid, Lysolecithin, Sclerotium Gum, Xanthan Gum, Pullulan, Silica, Sodium Acetylated Hyaluronate, Sodium PCA, Erythritol, Carrageenan, Hydrolyzed Sodium Hyaluronate, Isopentyldiol, Trifolium Pratense (Clover) Flower Extract, Cananga Odorata Flower Water, Trisodium Ethylenediamine Disuccinate, 1,2-Hexanediol, Caprylhydroxamic Acid, Sodium Ascorbyl Phosphate, Tin Oxide, Benzoic Acid, Sorbic Acid, Sodium Hydroxide, Potassium Sorbate, Sodium Benzoate, Titanium Dioxide (CI 77891), Mica (CI 77019).Hydrogel Cream: Water (Aqua), Squalane, Glycerin, Polyglyceryl-4 lsostearate, Pyrus Malus (Apple) Fruit Extract, Coco-Caprylate/Caprate, Propanediol, Disteardimonium Hectorite, Jojoba Esters, Sodium PCA, Tocopherol, Sodium Acetylated Hyaluronate, Hydrolyzed Sodium Hyaluronate, Trisodium Ethylenediamine Disuccinate, 1,2-Hexanediol, Caprylhydroxamic Acid.;https://media.ulta.com/i/ulta/2600716?w=720;
1663410345-3125;https://www.ulta.com/skin-care?N=1z12lx1Z2707&No=0&Nrpp=96&Ns=product.bestseller%7C1;Thick & Full Supplements - Refill;https://www.ulta.com/p/thick-full-supplements-refill-pimprod2033363;Thick & Full Supplements - Refill;Ingredients: Dicalcium Phosphate, Pea Shoot Extract, Pyridoxine Hcl, Calcium D Pantothenate, Riboflavin, Niacinamide, Ascorbic Acid, Magnesium Salts Of Fatty Acids, Ferrous Fumarate, Zinc Sulfate, Biotin, Amla Extract, Thiamine Mononitrate, Cyanocobalamin, Hypromellose (Capsule), Titanium Dioxide (Capsule);https://media.ulta.com/i/ulta/2597419?w=720;
